0,218.3433837890625,203.5570831298828
0,65.11759948730469,76.23533630371094
0,169.8184356689453,79.39073944091797
1,211.906982421875,200.84217834472656
2,208.99234008789062,199.8570556640625
3,203.71026611328125,198.40060424804688
3,60.04632568359375,5.933840274810791
4,201.6968231201172,195.57327270507812
4,314.86016845703125,222.92752075195312
4,52.937049865722656,7.886873245239258
5,195.6204071044922,193.6924591064453
6,184.74575805664062,189.42796325683594
7,177.47451782226562,190.85089111328125
7,294.3315124511719,220.00042724609375
8,174.68661499023438,190.2747344970703
9,284.0840759277344,213.36367797851562
9,18.994831085205078,-1.0333759784698486
9,173.42648315429688,183.49160766601562
10,166.4216766357422,183.72605895996094
10,280.4217224121094,213.86936950683594
10,18.910099029541016,-0.7111951112747192
11,162.41514587402344,179.67747497558594
11,274.23040771484375,212.83297729492188
11,443.3922424316406,12.151875495910645
12,154.355712890625,180.24562072753906
13,260.1240539550781,209.42259216308594
13,147.83993530273438,179.36798095703125
14,139.4925537109375,177.01513671875
14,250.89071655273438,205.01956176757812
15,239.8684844970703,203.39830017089844
15,134.45108032226562,174.77218627929688
16,124.31822967529297,175.5228729248047
16,291.6054992675781,70.0887451171875
16,-24.283161163330078,5.779397487640381
17,111.67848205566406,174.68760681152344
17,221.1527099609375,201.10366821289062
18,103.59487915039062,173.152587890625
18,211.98245239257812,198.5941925048828
19,198.7242889404297,200.177490234375
19,98.01073455810547,174.98451232910156
20,91.28258514404297,175.5913848876953
20,195.65765380859375,201.24044799804688
20,127.71286010742188,80.2998275756836
21,84.61798858642578,175.68641662597656
21,192.62286376953125,200.83152770996094
22,80.1327133178711,174.54257202148438
22,186.61605834960938,202.22500610351562
22,129.6909637451172,79.68939971923828
23,77.6087646484375,174.15931701660156
23,179.57757568359375,198.20799255371094
23,129.1531982421875,79.05926513671875
24,71.88035583496094,171.86294555664062
24,172.96597290039062,198.27548217773438
25,66.14981842041016,168.34092712402344
25,165.6467742919922,193.32823181152344
25,128.41586303710938,77.82572174072266
25,320.93511962890625,219.2234344482422
26,61.21963882446289,167.69235229492188
26,318.1813049316406,217.30723571777344
26,162.11370849609375,194.08120727539062
26,126.30059051513672,77.72615814208984
27,57.70545959472656,168.04750061035156
27,162.09632873535156,190.59896850585938
28,54.57059860229492,163.39120483398438
28,338.6803894042969,1.081128716468811
28,150.50439453125,192.61390686035156
29,51.1049690246582,161.98655700683594
29,148.84825134277344,186.96163940429688
29,333.392822265625,-0.327930212020874
30,37.889408111572266,155.94973754882812
30,142.845458984375,179.9986572265625
30,180.60940551757812,60.404693603515625
30,330.799072265625,1.5513675212860107
31,31.451011657714844,152.47366333007812
31,131.95236206054688,172.3095245361328
31,179.47186279296875,58.43858337402344
31,125.69127655029297,67.83070373535156
32,126.09368133544922,174.13803100585938
32,26.2803955078125,151.0469512939453
32,179.20703125,61.26178741455078
33,114.38603210449219,168.78875732421875
33,16.835968017578125,154.8840789794922
33,241.7734375,61.19068908691406
33,124.95269012451172,76.6921615600586
34,101.17802429199219,168.16387939453125
34,7.607883930206299,154.40611267089844
35,-0.12955248355865479,153.7394561767578
35,86.6629867553711,170.60870361328125
35,234.38796997070312,63.60540008544922
36,103.2928237915039,74.99602508544922
36,80.66333770751953,167.2139434814453
36,32.77511978149414,19.718284606933594
37,68.48986053466797,168.79034423828125
37,167.59771728515625,64.91254425048828
37,235.96615600585938,192.60935974121094
37,229.5489044189453,69.49342346191406
38,59.331844329833984,166.52633666992188
38,102.58085632324219,66.7743148803711
38,164.50823974609375,62.92738723754883
38,227.72804260253906,193.45083618164062
38,41.989532470703125,22.592748641967773
39,103.03791046142578,68.2999496459961
39,220.419189453125,192.48477172851562
39,162.37637329101562,64.05510711669922
40,102.30501556396484,74.01929473876953
40,43.27845001220703,162.84117126464844
40,50.19630432128906,19.669626235961914
40,166.00962829589844,66.89083099365234
40,217.07884216308594,184.32382202148438
40,224.93487548828125,66.50092315673828
41,100.78996276855469,80.20909118652344
41,166.84771728515625,67.69835662841797
41,339.164306640625,77.99812316894531
41,36.50138854980469,161.78912353515625
41,228.1167449951172,68.52168273925781
41,213.1724090576172,186.56121826171875
41,35.39598846435547,20.98615074157715
42,100.85406494140625,77.9724349975586
42,31.16912841796875,162.48577880859375
42,167.0567169189453,68.60517120361328
42,232.3667449951172,74.49905395507812
42,341.1678466796875,83.04607391357422
43,100.05083465576172,78.13960266113281
43,168.11083984375,70.49645233154297
43,228.9551544189453,75.88863372802734
43,336.05584716796875,84.77196502685547
43,200.66262817382812,186.73988342285156
44,105.33685302734375,78.24767303466797
44,228.22921752929688,70.81169891357422
44,339.68792724609375,82.8943862915039
44,168.112060546875,68.7018814086914
44,383.5174560546875,78.4908218383789
45,105.26395416259766,78.81645965576172
45,9.772753715515137,162.35923767089844
45,343.4125671386719,82.2000961303711
45,28.16150665283203,23.21063995361328
46,174.75767517089844,189.03997802734375
46,106.57005310058594,83.49921417236328
46,346.7031555175781,84.99000549316406
46,231.5209197998047,77.5311050415039
47,237.39500427246094,76.37162017822266
47,109.89363861083984,84.7125244140625
47,175.48973083496094,184.6571807861328
47,1.8603533506393433,164.18988037109375
47,365.24176025390625,2.2889153957366943
48,239.63430786132812,76.02124786376953
48,347.2816467285156,85.98908996582031
48,111.26763153076172,83.33976745605469
49,170.6804962158203,75.59101104736328
49,109.3628158569336,82.35523223876953
50,110.3397445678711,80.45426177978516
50,349.02630615234375,82.08901977539062
50,170.25067138671875,76.7869873046875
50,242.5436553955078,76.64043426513672
50,282.52490234375,76.91014099121094
51,169.91539001464844,76.46693420410156
51,113.74266815185547,84.21415710449219
51,284.2595520019531,79.08122253417969
52,283.64984130859375,77.12906646728516
52,115.08560943603516,87.80411529541016
52,167.33743286132812,76.13626861572266
52,349.6833801269531,88.39603424072266
52,401.9501647949219,81.20860290527344
52,141.67889404296875,175.354248046875
53,352.4110412597656,87.13969421386719
53,400.811767578125,80.92388153076172
53,111.88574981689453,85.80207061767578
53,164.78570556640625,77.83394622802734
53,129.7652130126953,178.32333374023438
54,349.04241943359375,84.61009216308594
54,163.66641235351562,77.84751892089844
54,228.2111053466797,80.88460540771484
54,105.75370788574219,87.54496765136719
54,268.66082763671875,78.7950210571289
54,118.79546356201172,175.0301513671875
54,383.77105712890625,84.28730773925781
55,225.159912109375,79.10458374023438
55,341.7308044433594,87.10430145263672
55,103.37467956542969,172.2996826171875
55,265.1158447265625,78.00615692138672
56,270.9895935058594,77.13541412353516
56,220.3949737548828,79.08759307861328
56,335.3424377441406,85.18403625488281
57,212.88998413085938,76.76473999023438
57,94.9364242553711,88.76982879638672
57,263.9813537597656,76.41043090820312
57,332.14215087890625,87.20234680175781
57,458.4286804199219,11.692827224731445
57,378.3678894042969,80.61221313476562
58,212.5448760986328,72.0434799194336
58,258.52667236328125,70.37387084960938
58,95.35063171386719,87.35452270507812
58,70.93661499023438,168.276611328125
58,441.1896057128906,12.559741020202637
59,210.3549346923828,69.4849624633789
59,432.5390319824219,2.800246238708496
59,255.84735107421875,70.85375213623047
59,93.88575744628906,86.78434753417969
59,329.8460693359375,81.75819396972656
60,96.1497802734375,81.86823272705078
60,215.85446166992188,70.52215576171875
60,254.00155639648438,75.98629760742188
61,421.83648681640625,-6.316544055938721
61,95.49329376220703,77.4974365234375
61,215.12916564941406,69.06956481933594
61,140.4298095703125,65.84383392333984
61,259.5987854003906,70.95014190673828
62,405.4040832519531,-4.776548385620117
62,95.46700286865234,77.90726470947266
63,140.4895782470703,65.46210479736328
63,94.67233276367188,79.28317260742188
63,398.5245361328125,-4.775604724884033
63,24.23487663269043,143.96041870117188
63,214.49111938476562,69.43912506103516
63,257.1973876953125,71.8360366821289
64,394.5958557128906,-2.983067750930786
64,95.19233703613281,79.9593505859375
64,338.5361022949219,80.95196533203125
64,15.65361499786377,141.68067932128906
64,141.24668884277344,65.57913208007812
64,221.19515991210938,72.4698715209961
64,261.92962646484375,67.87609100341797
65,339.8652038574219,79.5410385131836
65,220.7529296875,72.53287506103516
65,390.4556884765625,77.43408203125
65,96.90924835205078,80.68545532226562
66,100.22998046875,80.83302307128906
66,139.9473114013672,65.33869171142578
66,218.52178955078125,70.10620880126953
66,340.3208312988281,79.54153442382812
66,386.0480651855469,-1.5817254781723022
67,141.01214599609375,64.87942504882812
67,100.7286148071289,82.06898498535156
67,2.3212265968322754,132.2392120361328
67,222.74298095703125,73.84671020507812
67,371.1231689453125,-2.727116584777832
68,227.67022705078125,71.1349105834961
68,141.96173095703125,62.425086975097656
68,98.52311706542969,80.35966491699219
68,391.4369812011719,72.52074432373047
68,337.9290466308594,79.10430145263672
69,227.21165466308594,73.09610748291016
69,388.3195495605469,80.02761840820312
69,341.3493347167969,82.24406433105469
69,269.4490966796875,72.84109497070312
69,139.5029754638672,71.81925201416016
69,101.23518371582031,76.37813568115234
70,342.5463562011719,81.86493682861328
70,268.4029541015625,68.29619598388672
70,223.24169921875,73.83477020263672
71,339.0342102050781,79.87986755371094
71,389.597900390625,78.284912109375
71,269.1374816894531,71.19673156738281
71,138.91456604003906,72.49634552001953
71,225.41326904296875,72.50289154052734
72,230.13516235351562,74.3079605102539
72,137.7108154296875,72.36800384521484
72,341.0404968261719,79.59783172607422
73,341.8417663574219,76.17400360107422
73,230.12709045410156,71.2823486328125
74,343.4263916015625,76.4655532836914
74,234.6938018798828,77.86639404296875
75,102.90581512451172,80.648193359375
75,237.7711944580078,73.82197570800781
75,141.76693725585938,69.0665512084961
75,270.6715393066406,73.13395690917969
76,100.96533203125,84.1584701538086
76,239.53494262695312,79.02840423583984
76,141.35765075683594,75.7654800415039
77,241.53533935546875,77.12110900878906
77,361.0623474121094,80.6820297241211
77,144.11215209960938,62.39455032348633
77,402.8101501464844,79.0032730102539
78,359.6300048828125,80.68585968017578
78,402.9053039550781,80.73735046386719
78,145.31373596191406,75.68627166748047
78,240.99269104003906,78.56648254394531
78,105.4308853149414,86.50944519042969
79,111.07860565185547,89.29010772705078
79,151.27716064453125,65.8887939453125
80,152.495849609375,75.31175231933594
80,109.21649169921875,92.25814819335938
80,366.7625427246094,83.276611328125
80,411.42095947265625,83.42401885986328
81,368.6383056640625,84.80652618408203
81,151.5364227294922,78.66213989257812
81,110.27268981933594,92.99787902832031
81,286.8746337890625,69.18356323242188
82,365.286865234375,88.86930084228516
82,413.8459777832031,89.551513671875
83,362.82391357421875,93.30266571044922
83,413.6211853027344,82.57746887207031
84,364.4772644042969,89.85570526123047
84,417.9189758300781,82.98626708984375
85,359.9314880371094,83.01424407958984
85,411.971435546875,80.218994140625
85,143.78147888183594,78.14813995361328
85,109.06195831298828,98.75407409667969
86,359.97747802734375,80.32067108154297
86,409.09619140625,80.08647155761719
86,103.13018035888672,92.22579193115234
86,140.4297637939453,76.0278091430664
87,99.99706268310547,90.42864990234375
87,403.5481872558594,76.5596694946289
87,239.09323120117188,80.6711196899414
87,356.33172607421875,82.29643249511719
88,359.41510009765625,73.23700714111328
88,237.78097534179688,75.30484771728516
88,99.650390625,88.91358947753906
88,400.0127258300781,73.69707489013672
88,266.0276794433594,72.79865264892578
89,358.0780334472656,74.36567687988281
89,398.5475769042969,72.64708709716797
89,132.48825073242188,63.34510803222656
89,265.1490783691406,66.0246810913086
89,231.5728302001953,74.29884338378906
89,91.1662368774414,88.30518341064453
90,131.2061309814453,60.3829231262207
90,231.34820556640625,72.02654266357422
90,90.10979461669922,85.51847076416016
90,400.9758605957031,68.8323974609375
90,359.670166015625,73.35037994384766
91,128.9282989501953,55.15264129638672
91,235.76290893554688,72.39339447021484
91,88.47161102294922,80.9652099609375
91,346.6078186035156,76.49153137207031
92,92.10176086425781,79.017578125
92,127.97940826416016,59.554508209228516
92,356.45831298828125,71.27010345458984
92,226.17965698242188,71.80178833007812
93,129.76583862304688,60.15284729003906
93,91.24978637695312,78.09052276611328
93,398.6106262207031,72.56548309326172
93,359.23468017578125,74.50951385498047
93,225.17567443847656,73.86720275878906
94,357.47821044921875,69.15229797363281
94,230.8817901611328,72.55919647216797
94,399.6027526855469,67.73914337158203
94,88.71135711669922,78.91839599609375
94,130.583740234375,61.415828704833984
95,247.42930603027344,54.90538024902344
95,234.1820831298828,73.73462677001953
95,358.76983642578125,74.36825561523438
95,193.00244140625,15.81917953491211
95,399.1730651855469,70.24639129638672
96,355.8121643066406,70.58422088623047
96,407.954833984375,64.7130355834961
96,237.83517456054688,73.28266143798828
97,137.53468322753906,58.43376922607422
97,242.34315490722656,59.724971771240234
99,243.22140502929688,60.43660354614258
99,99.52272033691406,87.17517852783203
99,139.1676483154297,60.55668640136719
99,368.28179931640625,75.86325073242188
100,138.3896484375,61.10585021972656
100,96.47930145263672,83.61988830566406
100,377.7843017578125,74.56139373779297
101,139.09213256835938,61.065486907958984
101,286.7462463378906,72.14840698242188
101,253.98651123046875,67.64677429199219
101,101.62618255615234,74.8172836303711
102,140.17416381835938,61.48125457763672
102,101.26155090332031,78.43386840820312
102,362.83831787109375,-1.183688998222351
103,139.73175048828125,59.01203536987305
103,289.3846740722656,58.92919921875
103,102.9896011352539,73.74049377441406
103,256.9481506347656,65.05609130859375
104,287.4340515136719,55.83723068237305
104,257.160400390625,70.66442108154297
105,366.16290283203125,88.46118927001953
105,99.18030548095703,74.69841003417969
106,93.59159851074219,72.7339859008789
106,227.91549682617188,70.54235076904297
107,343.1400451660156,67.8163833618164
107,78.38988494873047,73.94636535644531
107,121.55705261230469,62.01016616821289
108,337.94696044921875,65.37787628173828
108,373.63427734375,68.13624572753906
108,249.7813262939453,60.16001510620117
109,206.4427947998047,50.90629959106445
110,206.9344940185547,32.56059646606445
110,323.91143798828125,53.323360443115234
111,199.3611602783203,34.08274841308594
113,218.324951171875,53.105438232421875
114,220.9974365234375,49.09414291381836
114,103.03770446777344,44.39794158935547
115,322.58746337890625,60.3801155090332
115,298.22686767578125,-0.3611084818840027
115,81.97724151611328,67.88768768310547
116,286.224853515625,-1.4837899208068848
116,324.3270263671875,59.93476104736328
117,329.243896484375,62.1459846496582
117,280.8209533691406,1.4477088451385498
118,326.3701477050781,68.75496673583984
118,368.70782470703125,52.27284622192383
118,227.92178344726562,72.06779479980469
119,265.6572570800781,0.35551607608795166
119,234.67208862304688,70.88683319091797
119,367.15057373046875,56.758968353271484
121,244.9552001953125,68.32661437988281
122,253.4639434814453,67.58753204345703
122,5.688214302062988,230.490966796875
122,248.0458526611328,-0.8635378479957581
122,346.98138427734375,69.79900360107422
123,259.7544250488281,68.0926742553711
123,5.320095539093018,220.83518981933594
124,229.31826782226562,-0.3851558268070221
125,228.43792724609375,-0.17265848815441132
126,27.674530029296875,77.63050079345703
126,273.73553466796875,76.2534408569336
126,143.49349975585938,70.33821868896484
127,214.5225067138672,-2.0257081985473633
127,285.212646484375,68.68528747558594
127,32.57466506958008,79.12667083740234
127,154.4167938232422,76.97420501708984
128,211.2045135498047,0.01943059265613556
128,285.2829895019531,64.93732452392578
128,159.7086181640625,81.19902038574219
129,288.32342529296875,68.42631530761719
130,379.4215393066406,76.48181915283203
130,293.1925964355469,70.4787368774414
130,168.5825653076172,81.87232971191406
130,186.388916015625,2.0651729106903076
131,299.07147216796875,75.21308135986328
131,380.4098205566406,73.1583023071289
131,50.984886169433594,84.96187591552734
131,184.44873046875,3.132692813873291
132,302.30279541015625,75.32569885253906
132,174.49647521972656,79.13734436035156
132,381.1590270996094,80.43643188476562
132,174.68853759765625,-0.28340622782707214
133,304.6303405761719,77.36225128173828
133,176.67523193359375,78.92989349365234
133,384.74554443359375,82.78459167480469
134,308.99810791015625,76.83587646484375
134,386.2357482910156,83.0211410522461
134,182.79112243652344,80.23832702636719
135,388.96197509765625,78.5400619506836
135,312.0975341796875,78.67986297607422
135,62.95782470703125,94.15044403076172
135,186.93783569335938,81.23577117919922
135,422.6784973144531,72.22489166259766
136,320.0875549316406,73.0662841796875
136,389.7073669433594,79.72515869140625
136,421.40509033203125,71.01683044433594
136,67.48710632324219,90.03805541992188
136,187.18328857421875,82.4224853515625
137,387.4276428222656,80.70443725585938
137,70.09967803955078,90.11702728271484
137,307.6781921386719,79.42159271240234
137,185.46986389160156,79.83255004882812
138,307.3525085449219,75.82279205322266
138,382.03985595703125,79.98485565185547
138,68.20964050292969,89.52157592773438
139,302.98468017578125,72.92633819580078
139,65.72953796386719,92.13302612304688
139,177.3856658935547,77.27880096435547
140,300.5361633300781,73.99134826660156
140,204.3038330078125,24.77428436279297
140,372.4717712402344,81.18235778808594
140,63.52175521850586,90.86035919189453
141,370.84197998046875,78.8836441040039
141,293.29498291015625,76.21752166748047
141,197.84915161132812,27.424877166748047
142,287.2431335449219,76.05123138427734
142,55.31808090209961,89.03178405761719
143,285.3059997558594,70.92546844482422
143,352.7267761230469,76.10948944091797
143,453.7374572753906,58.439918518066406
144,282.21063232421875,68.68463897705078
144,437.4820556640625,54.194374084472656
144,165.8520050048828,78.38744354248047
144,57.230613708496094,84.2011489868164
144,157.2915802001953,11.65402603149414
145,279.5908508300781,72.66863250732422
145,56.27094268798828,82.1454086303711
146,413.8769836425781,37.29545974731445
146,162.7916259765625,71.53129577636719
146,282.7518615722656,74.18975830078125
147,56.763267517089844,81.19120788574219
147,396.02423095703125,36.82008743286133
147,278.5586242675781,64.85920715332031
148,385.01043701171875,37.28925323486328
148,52.15327453613281,83.45574951171875
148,279.9760437011719,63.65499496459961
149,53.446388244628906,83.98787689208984
149,370.5539245605469,33.212799072265625
149,275.96441650390625,66.19200134277344
149,333.94024658203125,60.3423957824707
150,54.66239547729492,83.9066162109375
150,276.9290771484375,67.19818878173828
151,279.4335021972656,70.08051300048828
151,414.4410095214844,221.22654724121094
151,343.2340087890625,30.495975494384766
152,60.255523681640625,83.04572296142578
152,399.26177978515625,217.39950561523438
152,158.21017456054688,77.77063751220703
152,340.1949157714844,31.68268394470215
153,285.87347412109375,77.39688110351562
153,58.12761688232422,85.86418151855469
153,393.31201171875,212.5545196533203
153,330.9287414550781,28.050933837890625
154,57.566001892089844,85.9943618774414
154,286.2917175292969,76.55585479736328
154,388.1825256347656,210.0319061279297
154,349.1717224121094,64.11968231201172
155,375.7868957519531,205.2269287109375
155,312.29168701171875,22.65737533569336
155,286.592529296875,74.25833892822266
155,345.494140625,69.37625122070312
155,51.172977447509766,0.8957716226577759
156,289.88671875,74.1378402709961
156,300.5846252441406,25.27920150756836
156,363.6517639160156,201.92630004882812
156,345.61163330078125,71.81018829345703
157,287.9969177246094,79.99202728271484
157,172.95736694335938,79.98175811767578
157,344.47088623046875,72.56587219238281
157,358.3896789550781,200.44114685058594
157,293.0633239746094,21.33928108215332
158,173.39907836914062,78.86719512939453
158,26.51849365234375,1.2420190572738647
158,348.3733215332031,195.8400115966797
158,360.48590087890625,66.45832824707031
159,175.32296752929688,79.06754302978516
159,342.6676330566406,193.17041015625
159,74.32006072998047,84.6122055053711
159,291.07464599609375,81.16771697998047
159,270.14654541015625,20.550411224365234
159,21.494125366210938,0.2828952670097351
160,325.6942138671875,190.21102905273438
160,354.9218444824219,72.19795989990234
160,265.39068603515625,18.11642074584961
160,177.1839141845703,79.45936584472656
160,292.84063720703125,67.61648559570312
161,254.9580078125,12.607226371765137
161,317.7998352050781,187.4016571044922
161,79.18798828125,88.59505462646484
161,290.8244934082031,64.95941925048828
161,178.6165771484375,79.22895812988281
162,248.330322265625,17.25349998474121
162,311.9209899902344,183.31285095214844
162,81.57415008544922,90.16390991210938
162,302.6846008300781,77.33537292480469
163,294.7942199707031,178.0075225830078
164,284.715087890625,177.38748168945312
164,177.4547119140625,79.90308380126953
164,297.14105224609375,80.71410369873047
165,218.0559844970703,11.792607307434082
165,298.9731140136719,79.15105438232422
166,261.925048828125,172.02955627441406
167,250.60549926757812,168.6818084716797
167,343.40179443359375,71.67436981201172
167,199.70298767089844,10.873786926269531
167,297.9794921875,77.91665649414062
167,57.40382766723633,236.06259155273438
168,243.37754821777344,168.57118225097656
168,180.1342315673828,11.543481826782227
168,298.04083251953125,78.91484832763672
169,232.49256896972656,163.8243865966797
169,175.60549926757812,8.747261047363281
170,218.15127563476562,159.12844848632812
170,159.41551208496094,8.538975715637207
171,153.49053955078125,6.9486083984375
171,210.5997314453125,162.0264129638672
172,140.9431915283203,1.360008716583252
172,201.3912353515625,158.48243713378906
173,308.4460754394531,83.95780181884766
173,135.55935668945312,-0.7691489458084106
173,180.61056518554688,77.75562286376953
174,179.65219116210938,150.37071228027344
174,122.28428649902344,1.2554528713226318
175,170.7325897216797,145.3320770263672
175,310.56640625,78.5318603515625
176,163.07681274414062,142.42962646484375
176,341.5174865722656,66.59355926513672
177,147.13812255859375,143.47976684570312
177,181.8806610107422,79.0737533569336
178,139.39173889160156,138.9075164794922
178,86.80615234375,88.75162506103516
178,318.1362609863281,74.69466400146484
178,294.260986328125,62.43815612792969
179,131.42710876464844,138.1121063232422
179,294.90093994140625,63.7886848449707
179,248.38156127929688,18.38716697692871
181,234.5301513671875,15.0751953125
181,105.68006134033203,133.47509765625
181,297.28106689453125,65.01728057861328
182,296.3553161621094,65.72773742675781
182,214.339599609375,14.49850082397461
183,206.04974365234375,12.288525581359863
183,197.88970947265625,86.93203735351562
184,201.84902954101562,9.765607833862305
184,79.374755859375,118.37176513671875
184,337.4037780761719,63.46254348754883
185,338.8941650390625,58.11238098144531
185,65.99540710449219,123.42342376708984
186,92.23563385009766,86.76931762695312
186,338.43560791015625,61.90277862548828
186,56.33935546875,124.26219177246094
187,440.9355773925781,49.16176986694336
187,342.4174499511719,60.61875534057617
187,81.47075653076172,88.7183609008789
187,305.0939636230469,62.68996810913086
187,43.352325439453125,121.23847198486328
187,161.40603637695312,4.87944221496582
188,431.21856689453125,45.18741989135742
188,302.5700988769531,59.33000946044922
188,341.6546325683594,60.31492614746094
189,420.5791015625,42.894615173339844
190,405.8950500488281,43.72438049316406
190,196.38092041015625,81.11518096923828
191,397.016845703125,39.74992752075195
191,77.24024200439453,86.45945739746094
192,386.8558654785156,33.7400016784668
192,74.01544952392578,88.66710662841797
192,332.62249755859375,79.90016174316406
193,366.8019104003906,34.68825912475586
193,341.4558410644531,78.3475570678711
196,197.80784606933594,79.6939697265625
196,344.82086181640625,51.88084030151367
197,194.77334594726562,77.9687271118164
198,203.10629272460938,79.81591033935547
198,74.39659881591797,89.01509094238281
199,77.87413787841797,92.77285766601562
200,287.95562744140625,24.934404373168945
200,4.133205413818359,0.43915069103240967
201,277.6178894042969,24.464338302612305
201,356.702880859375,79.45731353759766
201,284.7662353515625,217.84451293945312
202,270.37579345703125,24.055877685546875
202,357.9465026855469,81.78372192382812
203,249.54188537597656,21.1905517578125
203,358.1710510253906,84.44116973876953
204,232.91351318359375,19.225427627563477
204,64.60310363769531,98.62638092041016
204,344.695068359375,78.44215393066406
205,211.31466674804688,19.85329246520996
205,193.06736755371094,85.69316864013672
206,56.161800384521484,100.3723373413086
206,195.54417419433594,15.140012741088867
207,179.6741180419922,80.12995147705078
207,174.219970703125,17.104761123657227
208,177.38278198242188,78.48978424072266
209,175.2520751953125,79.5481948852539
209,139.97012329101562,13.192171096801758
209,40.06853485107422,103.19441223144531
210,126.49562072753906,9.141233444213867
210,327.8070373535156,89.29943084716797
210,174.9412384033203,80.74827575683594
211,327.794189453125,88.34085845947266
211,174.75006103515625,83.04531860351562
211,111.39336395263672,11.142305374145508
212,100.36323547363281,6.984518527984619
212,318.4734191894531,83.60470581054688
212,39.71318817138672,103.15680694580078
212,175.0,81.12444305419922
213,37.92070770263672,104.36036682128906
213,86.31555938720703,6.527162551879883
213,174.18360900878906,82.09912109375
214,327.43096923828125,89.26724243164062
214,74.45491790771484,5.610283374786377
214,36.870792388916016,106.81842041015625
214,174.67550659179688,79.87149810791016
215,64.46617889404297,5.922466278076172
215,331.2972412109375,88.94949340820312
215,175.93093872070312,80.9548110961914
215,270.5160827636719,78.61790466308594
216,174.6540069580078,99.24336242675781
216,48.784698486328125,3.596238851547241
217,48.89983367919922,5.079917907714844
217,331.20562744140625,91.0716552734375
217,175.80490112304688,84.60999298095703
218,337.2608642578125,90.2056655883789
218,52.471290588378906,108.88489532470703
218,30.131092071533203,6.036879539489746
219,331.998291015625,97.86803436279297
219,54.321163177490234,108.0826187133789
219,25.487260818481445,6.479862213134766
219,443.7360534667969,62.23849868774414
220,343.7360534667969,92.94546508789062
220,53.40259552001953,108.89875793457031
220,432.840576171875,64.5643539428711
220,16.144107818603516,3.661104679107666
221,12.47458267211914,5.430986404418945
221,342.606689453125,92.8672866821289
221,422.498046875,68.96157836914062
222,56.92198944091797,108.7977066040039
223,393.7090148925781,67.31036376953125
223,348.3195495605469,96.08209991455078
224,383.8932800292969,66.22361755371094
224,354.111083984375,97.86076354980469
225,66.0092544555664,111.75873565673828
226,66.12277221679688,111.46607971191406
227,227.01966857910156,81.32035827636719
228,349.0982666015625,100.6264877319336
230,307.4862365722656,55.94021224975586
230,352.720703125,98.3965072631836
231,354.4738464355469,100.58741760253906
232,348.9334411621094,100.34356689453125
232,279.8708801269531,61.734107971191406
232,158.71405029296875,76.60375213623047
232,67.63297271728516,114.1745834350586
233,347.0361022949219,101.2457046508789
233,66.47795104980469,114.49505615234375
233,145.6336212158203,73.97264862060547
233,283.3653869628906,82.13921356201172
234,342.0513916015625,100.97826385498047
236,230.50009155273438,53.684478759765625
237,214.98916625976562,50.828224182128906
238,204.82379150390625,51.645423889160156
239,196.722900390625,51.20610427856445
240,182.15757751464844,49.809532165527344
240,353.7291564941406,103.32704162597656
240,81.05318450927734,119.55572509765625
240,212.70547485351562,103.19839477539062
240,426.30279541015625,74.77689361572266
241,172.50836181640625,50.86605453491211
241,357.774169921875,102.36299896240234
242,165.74314880371094,48.399513244628906
242,359.6024169921875,101.35730743408203
242,400.9896545410156,72.35502624511719
243,212.9899444580078,104.69651794433594
244,139.70948791503906,46.33766174316406
245,285.41925048828125,81.96620178222656
245,29.402236938476562,56.484867095947266
245,363.9780578613281,72.77497863769531
246,365.73828125,104.92305755615234
246,285.0478210449219,80.70977020263672
247,368.8660888671875,103.48639678955078
248,362.53302001953125,104.86811828613281
248,223.17947387695312,115.84691619873047
249,214.20379638671875,110.52018737792969
249,363.0296936035156,101.5301513671875
250,214.4424285888672,106.900146484375
250,273.7803955078125,80.98823547363281
250,362.8744201660156,102.31400299072266
250,311.15447998046875,59.89625930786133
251,363.27142333984375,103.33446502685547
251,213.9484100341797,102.70455932617188
251,70.25688171386719,120.06153106689453
252,33.757904052734375,35.603031158447266
252,362.6094970703125,104.47647857666016
253,64.93739318847656,124.03534698486328
253,212.1443634033203,104.80694580078125
253,360.2575378417969,101.7389907836914
254,356.05755615234375,101.7913589477539
254,13.166023254394531,34.828704833984375
254,63.177581787109375,122.05619049072266
255,212.09007263183594,101.06380462646484
255,0.7571572065353394,28.474340438842773
256,359.948974609375,97.84748077392578
257,360.33734130859375,98.64210510253906
257,261.57086181640625,71.23234558105469
258,58.84697341918945,123.55003356933594
258,248.33535766601562,84.22584533691406
258,361.2972106933594,97.44805145263672
258,204.94161987304688,106.88146209716797
259,55.949363708496094,125.57953643798828
259,359.98602294921875,95.17962646484375
259,206.99452209472656,104.48332977294922
259,169.08660888671875,45.977394104003906
260,51.62765884399414,124.82732391357422
260,206.1509246826172,105.4992446899414
260,147.04425048828125,47.281925201416016
261,353.52520751953125,96.45442199707031
261,134.40087890625,43.1879997253418
261,203.72943115234375,108.09033203125
261,46.479583740234375,123.6529541015625
262,351.4007873535156,95.39905548095703
262,233.9482421875,73.22640991210938
262,199.20745849609375,107.02397155761719
262,113.16244506835938,41.57597351074219
263,351.6636962890625,94.218994140625
263,196.16055297851562,107.00889587402344
264,348.3450622558594,93.03721618652344
264,33.08216857910156,120.78125762939453
264,191.70803833007812,107.64067840576172
265,29.932758331298828,123.15776062011719
265,181.43519592285156,101.2891845703125
265,60.60206604003906,41.22703170776367
266,348.4447937011719,93.82070922851562
269,11.123027801513672,41.15046691894531
269,179.71644592285156,105.87454223632812
271,2.400909662246704,41.63936996459961
272,349.5394287109375,102.39068603515625
274,26.686189651489258,135.06478881835938
275,23.720308303833008,136.38978576660156
276,346.1225891113281,102.50463104248047
276,24.052711486816406,138.5078125
277,345.3684997558594,106.87774658203125
278,433.8455810546875,223.6727294921875
278,354.0413818359375,102.29253387451172
278,27.97540855407715,144.71542358398438
279,356.1690368652344,89.98799133300781
281,27.982250213623047,148.29908752441406
281,359.9542541503906,105.2832260131836
281,397.2380676269531,218.94618225097656
282,222.7346954345703,88.93833923339844
282,23.63123321533203,147.5753631591797
282,358.1007385253906,105.53578186035156
284,435.5677795410156,210.9881591796875
285,224.59365844726562,89.35572814941406
285,198.07736206054688,125.72135162353516
285,30.871990203857422,149.661376953125
286,458.1067199707031,204.81820678710938
287,399.3849792480469,212.14601135253906
287,441.0330505371094,202.81369018554688
288,366.11474609375,102.96280670166016
288,37.391658782958984,151.28732299804688
288,396.58355712890625,209.20602416992188
290,381.7710266113281,107.48805236816406
291,448.55950927734375,205.40853881835938
292,441.855224609375,203.8626708984375
292,401.4551086425781,198.8483428955078
