0,147.85716247558594,57.68388366699219
0,280.936279296875,73.38632202148438
0,361.9516296386719,57.36207580566406
0,28.736087799072266,61.85918045043945
0,571.38623046875,0.7665505409240723
1,148.32318115234375,57.64316940307617
1,332.7345275878906,56.89790344238281
1,283.1358337402344,78.36923217773438
1,32.67597961425781,62.547454833984375
1,571.18798828125,-0.012056112289428711
2,148.32318115234375,57.64316940307617
2,332.7345275878906,56.89790344238281
2,283.1358337402344,78.36923217773438
2,32.67597961425781,62.547454833984375
2,571.18798828125,-0.012056112289428711
3,339.0426330566406,57.33988952636719
3,146.05880737304688,58.26030731201172
3,276.8304748535156,82.65400695800781
3,29.091718673706055,64.29942321777344
3,569.9243774414062,0.4286489486694336
4,146.34408569335938,56.28228759765625
4,334.8243713378906,56.13036346435547
4,269.7222595214844,74.94169616699219
4,28.1666202545166,65.93578338623047
4,568.8336791992188,-1.03751540184021
5,146.34408569335938,56.28228759765625
5,334.8243713378906,56.13036346435547
5,269.7222595214844,74.94169616699219
5,28.1666202545166,65.93578338623047
5,568.8336791992188,-1.03751540184021
6,145.02496337890625,58.40525817871094
6,322.13470458984375,60.178802490234375
6,266.55938720703125,79.32584381103516
6,28.132305145263672,65.35960388183594
6,568.9697265625,0.013477563858032227
7,259.59698486328125,104.77669525146484
7,145.19342041015625,56.33249282836914
7,318.88226318359375,56.44862365722656
7,30.955007553100586,64.33390808105469
7,568.6664428710938,-0.4887065887451172
8,259.59698486328125,104.77669525146484
8,145.19342041015625,56.33249282836914
8,318.88226318359375,56.44862365722656
8,30.955007553100586,64.33390808105469
8,568.6664428710938,-0.4887065887451172
9,259.743896484375,109.70475006103516
9,144.9908905029297,55.265724182128906
9,323.71270751953125,53.15077209472656
9,30.009719848632812,64.64579772949219
9,571.1278076171875,-0.4362781047821045
10,145.5435333251953,54.997581481933594
10,322.0811767578125,46.402767181396484
10,572.3934326171875,-0.15592169761657715
10,254.19998168945312,103.06864929199219
10,31.5081787109375,63.093997955322266
11,145.5435333251953,54.997581481933594
11,322.0811767578125,46.402767181396484
11,572.3934326171875,-0.15592169761657715
11,254.19998168945312,103.06864929199219
11,31.5081787109375,63.093997955322266
12,143.25091552734375,53.726661682128906
12,318.7893981933594,48.83576965332031
12,573.3587646484375,-0.4026327133178711
12,28.194778442382812,65.26466369628906
12,381.7223815917969,64.65636444091797
12,259.01513671875,67.96875
13,148.49830627441406,55.56716537475586
13,257.6329345703125,66.92888641357422
13,382.2039794921875,65.30361938476562
13,32.078392028808594,65.50887298583984
13,577.4130859375,-1.1712760925292969
14,148.49830627441406,55.56716537475586
14,257.6329345703125,66.92888641357422
14,382.2039794921875,65.30361938476562
14,32.078392028808594,65.50887298583984
14,577.4130859375,-1.1712760925292969
15,246.00868225097656,97.28092193603516
15,381.49560546875,65.58340454101562
15,147.1634979248047,58.86296844482422
15,30.7636661529541,67.79997253417969
15,579.128662109375,-1.6283042430877686
16,242.5320281982422,101.18545532226562
16,38.89986038208008,71.25391387939453
16,159.75904846191406,58.68528747558594
16,390.492431640625,66.60546875
16,582.7942504882812,-4.977847099304199
17,242.5320281982422,101.18545532226562
17,38.89986038208008,71.25391387939453
17,159.75904846191406,58.68528747558594
17,390.492431640625,66.60546875
17,582.7942504882812,-4.977847099304199
18,234.7511444091797,96.22376251220703
18,161.9925537109375,58.57609558105469
18,43.63801574707031,68.363037109375
18,584.188720703125,-3.883547306060791
19,236.86911010742188,95.4594955444336
19,158.94395446777344,61.27422332763672
19,588.2135620117188,-3.7864034175872803
19,44.334991455078125,66.90708923339844
19,394.317138671875,65.80696868896484
20,210.90988159179688,107.32992553710938
20,169.9933624267578,58.230308532714844
20,396.13104248046875,63.57636642456055
20,593.8212890625,-2.9803879261016846
21,210.90988159179688,107.32992553710938
21,169.9933624267578,58.230308532714844
21,396.13104248046875,63.57636642456055
21,593.8212890625,-2.9803879261016846
22,207.33169555664062,103.43834686279297
22,171.04800415039062,57.915443420410156
22,399.7662353515625,64.81034088134766
22,54.801368713378906,66.14335632324219
22,595.9788818359375,-1.9018969535827637
22,0.9238648414611816,72.70581817626953
23,213.91104125976562,102.17655944824219
23,177.1909942626953,58.89894104003906
23,60.66789627075195,66.61622619628906
23,398.29217529296875,65.802978515625
23,-2.0492875576019287,71.68477630615234
24,213.91104125976562,102.17655944824219
24,177.1909942626953,58.89894104003906
24,60.66789627075195,66.61622619628906
24,398.29217529296875,65.802978515625
24,-2.0492875576019287,71.68477630615234
25,209.16412353515625,94.9851303100586
25,177.324462890625,59.966697692871094
25,1.6687202453613281,72.50548553466797
25,424.3743896484375,62.452659606933594
25,59.6253662109375,68.23540496826172
26,199.23748779296875,92.24974060058594
26,178.18133544921875,57.81840896606445
26,424.4826965332031,59.91572570800781
26,0.20982146263122559,71.94615936279297
26,387.56103515625,-2.227128744125366
26,60.25001525878906,70.10687255859375
27,199.23748779296875,92.24974060058594
27,178.18133544921875,57.81840896606445
27,424.4826965332031,59.91572570800781
27,0.20982146263122559,71.94615936279297
27,387.56103515625,-2.227128744125366
27,60.25001525878906,70.10687255859375
28,180.14437866210938,56.07769012451172
28,191.82891845703125,91.42725372314453
28,1.3393259048461914,71.65357971191406
28,424.69024658203125,58.99871826171875
28,61.5089225769043,69.37879943847656
28,388.3596496582031,-2.8807551860809326
29,180.639892578125,55.50555419921875
29,202.33251953125,89.11618041992188
29,1.1671483516693115,69.5082015991211
29,424.7492980957031,59.55661392211914
29,62.57671356201172,68.70404052734375
30,180.639892578125,55.50555419921875
30,202.33251953125,89.11618041992188
30,1.1671483516693115,69.5082015991211
30,424.7492980957031,59.55661392211914
30,62.57671356201172,68.70404052734375
31,181.636962890625,55.71419906616211
31,209.30902099609375,92.15585327148438
31,1.5771985054016113,68.01420593261719
31,424.6562194824219,61.305484771728516
31,61.70522689819336,68.87135314941406
31,388.5980224609375,-2.594532012939453
32,184.86924743652344,55.13834762573242
32,1.0920703411102295,67.50432586669922
32,238.37722778320312,112.57347106933594
32,392.7434997558594,62.24282455444336
32,63.626556396484375,64.31346893310547
32,385.16766357421875,-2.209284543991089
33,184.86924743652344,55.13834762573242
33,1.0920703411102295,67.50432586669922
33,238.37722778320312,112.57347106933594
33,392.7434997558594,62.24282455444336
33,63.626556396484375,64.31346893310547
33,385.16766357421875,-2.209284543991089
34,183.9639129638672,55.05167007446289
34,233.39541625976562,111.30943298339844
34,425.0928039550781,60.49647903442383
34,383.9318542480469,-2.2238950729370117
34,0.852961540222168,66.76647186279297
34,62.68243408203125,63.121315002441406
34,324.8314208984375,70.09151458740234
35,227.17166137695312,103.77098083496094
35,181.6006317138672,54.65365982055664
35,394.1042785644531,59.017940521240234
35,386.1035461425781,-1.987776756286621
35,59.97382736206055,64.9115219116211
35,0.4906129837036133,69.45811462402344
36,227.17166137695312,103.77098083496094
36,181.6006317138672,54.65365982055664
36,394.1042785644531,59.017940521240234
36,386.1035461425781,-1.987776756286621
36,59.97382736206055,64.9115219116211
36,0.4906129837036133,69.45811462402344
37,214.56463623046875,100.0452880859375
37,179.03916931152344,55.66239547729492
37,393.8968200683594,56.01677703857422
37,63.053253173828125,63.190528869628906
37,383.42095947265625,-2.489119052886963
37,-0.800248384475708,70.83810424804688
38,201.9404296875,92.52416229248047
38,172.24227905273438,53.07096481323242
38,391.75299072265625,56.68057632446289
38,55.02450942993164,60.491424560546875
38,381.82818603515625,-0.03512978553771973
39,201.9404296875,92.52416229248047
39,172.24227905273438,53.07096481323242
39,391.75299072265625,56.68057632446289
39,55.02450942993164,60.491424560546875
39,381.82818603515625,-0.03512978553771973
40,197.48675537109375,103.29561614990234
40,168.82662963867188,52.12674331665039
40,387.7070617675781,53.977657318115234
40,41.089210510253906,59.10987091064453
41,174.06524658203125,90.25885772705078
41,152.0533447265625,36.12821578979492
41,287.3224182128906,68.31439208984375
41,34.302371978759766,56.844398498535156
41,371.78973388671875,50.06875991821289
42,174.06524658203125,90.25885772705078
42,152.0533447265625,36.12821578979492
42,287.3224182128906,68.31439208984375
42,34.302371978759766,56.844398498535156
42,371.78973388671875,50.06875991821289
43,184.79800415039062,86.00035095214844
43,144.8391571044922,36.69413375854492
43,283.1854553222656,63.254722595214844
43,370.5099792480469,58.08835220336914
44,189.58599853515625,54.78116989135742
44,134.81996154785156,36.79700469970703
44,276.60565185546875,61.707069396972656
45,189.58599853515625,54.78116989135742
45,134.81996154785156,36.79700469970703
45,276.60565185546875,61.707069396972656
46,191.799560546875,51.52092742919922
47,193.77593994140625,50.5669059753418
47,89.27276611328125,34.22901916503906
47,4.820187091827393,37.380271911621094
48,193.77593994140625,50.5669059753418
48,89.27276611328125,34.22901916503906
48,4.820187091827393,37.380271911621094
49,268.7102966308594,71.30795288085938
50,270.5536193847656,74.37333679199219
51,270.5536193847656,74.37333679199219
52,249.57717895507812,74.23583984375
53,251.2489013671875,69.6950912475586
54,251.2489013671875,69.6950912475586
55,262.1999816894531,66.01145935058594
56,266.37103271484375,92.53113555908203
57,266.37103271484375,92.53113555908203
58,268.82244873046875,94.38211059570312
59,253.45016479492188,107.02983856201172
59,139.95700073242188,36.11850357055664
59,451.1268615722656,66.47123718261719
60,253.45016479492188,107.02983856201172
60,139.95700073242188,36.11850357055664
60,451.1268615722656,66.47123718261719
61,249.0900421142578,109.2784194946289
62,224.97251892089844,103.01351928710938
63,224.97251892089844,103.01351928710938
64,222.06130981445312,101.74745178222656
65,204.5826873779297,67.41651153564453
66,204.5826873779297,67.41651153564453
67,197.50759887695312,72.23482513427734
68,194.36676025390625,69.82225799560547
69,194.36676025390625,69.82225799560547
70,210.33750915527344,86.80565643310547
71,188.13619995117188,111.10736846923828
72,188.13619995117188,111.10736846923828
73,204.8492431640625,109.41722869873047
74,201.33148193359375,110.239990234375
75,201.33148193359375,110.239990234375
76,208.64590454101562,78.7895736694336
77,223.7254638671875,85.86011505126953
77,371.7740478515625,82.59432220458984
78,223.7254638671875,85.86011505126953
78,371.7740478515625,82.59432220458984
79,234.88839721679688,86.80386352539062
79,368.96246337890625,83.69498443603516
80,354.9788818359375,66.58477783203125
80,254.98049926757812,122.10833740234375
81,354.9788818359375,66.58477783203125
81,254.98049926757812,122.10833740234375
82,350.3477783203125,64.39351654052734
82,270.3239440917969,115.67129516601562
83,349.67950439453125,68.30341339111328
83,289.6874084472656,88.96397399902344
83,-0.809173583984375,34.4166374206543
84,349.67950439453125,68.30341339111328
84,289.6874084472656,88.96397399902344
84,-0.809173583984375,34.4166374206543
85,351.3726501464844,70.5976333618164
85,297.7763366699219,87.14493560791016
85,10.29205322265625,30.42983627319336
86,350.19805908203125,67.5584487915039
86,3.5848236083984375,33.732086181640625
86,296.576416015625,86.0551528930664
87,350.19805908203125,67.5584487915039
87,3.5848236083984375,33.732086181640625
87,296.576416015625,86.0551528930664
88,346.7984619140625,70.41942596435547
88,14.110736846923828,32.38077163696289
88,293.8170166015625,89.39320373535156
89,347.75457763671875,74.00023651123047
89,13.399925231933594,32.9683837890625
90,347.75457763671875,74.00023651123047
90,13.399925231933594,32.9683837890625
91,347.50201416015625,68.75480651855469
91,22.448883056640625,29.84774398803711
92,339.51483154296875,65.81572723388672
92,287.0380859375,81.24273681640625
93,339.51483154296875,65.81572723388672
93,287.0380859375,81.24273681640625
94,338.3680725097656,63.661319732666016
94,287.689208984375,70.03062438964844
95,349.587890625,75.23448181152344
96,349.587890625,75.23448181152344
97,301.78656005859375,67.20082092285156
98,301.89013671875,66.24506378173828
99,301.89013671875,66.24506378173828
100,296.234619140625,60.63542175292969
101,296.4298095703125,56.22159957885742
102,296.4298095703125,56.22159957885742
103,298.7853698730469,61.252349853515625
104,276.7275085449219,71.5870361328125
105,276.7275085449219,71.5870361328125
106,262.3171691894531,71.39112091064453
107,234.82032775878906,71.18667602539062
108,234.82032775878906,71.18667602539062
109,227.9534912109375,74.37782287597656
110,229.21939086914062,69.57893371582031
111,229.21939086914062,69.57893371582031
112,219.46237182617188,72.23880767822266
113,217.7580108642578,76.89225006103516
114,217.7580108642578,76.89225006103516
115,219.32049560546875,76.33588409423828
116,206.7570343017578,76.31147003173828
117,206.7570343017578,76.31147003173828
118,203.209228515625,74.97761535644531
119,233.21405029296875,83.98997497558594
120,233.21405029296875,83.98997497558594
121,245.622314453125,75.90116882324219
122,262.00537109375,78.58869171142578
123,262.00537109375,78.58869171142578
124,259.19775390625,63.94364929199219
125,261.517578125,69.12211608886719
126,261.517578125,69.12211608886719
127,265.9915771484375,70.85574340820312
128,294.67608642578125,75.4602279663086
129,294.67608642578125,75.4602279663086
130,283.8988952636719,72.52987670898438
131,274.9214172363281,76.04234313964844
131,-4.979190826416016,18.526329040527344
132,274.9214172363281,76.04234313964844
132,-4.979190826416016,18.526329040527344
133,275.1690368652344,75.88523864746094
134,-11.916446685791016,20.135360717773438
134,274.7340393066406,76.85179138183594
135,-11.916446685791016,20.135360717773438
135,274.7340393066406,76.85179138183594
136,275.3308410644531,84.42425537109375
136,10.726547241210938,40.62049102783203
136,-17.593135833740234,236.45220947265625
137,-4.4403076171875,27.22498321533203
137,279.6965026855469,89.14641571044922
138,-4.4403076171875,27.22498321533203
138,279.6965026855469,89.14641571044922
139,280.97235107421875,111.29745483398438
139,-8.448333740234375,51.41096496582031
140,280.3433837890625,116.5569076538086
141,280.3433837890625,116.5569076538086
142,286.511962890625,118.04014587402344
143,282.9210510253906,117.1550521850586
144,282.9210510253906,117.1550521850586
145,279.8503112792969,113.29195404052734
146,283.6035461425781,109.89590454101562
147,283.6035461425781,109.89590454101562
148,279.93585205078125,102.91787719726562
149,280.7611083984375,106.4771499633789
150,280.7611083984375,106.4771499633789
151,279.43231201171875,101.66250610351562
152,272.18316650390625,86.43218994140625
153,272.18316650390625,86.43218994140625
154,289.19427490234375,110.90119171142578
155,253.37966918945312,75.46065521240234
156,253.37966918945312,75.46065521240234
157,253.3533477783203,75.42072296142578
158,251.9784393310547,69.05528259277344
159,251.9784393310547,69.05528259277344
160,248.3485107421875,71.34784698486328
161,240.13983154296875,63.39888000488281
162,240.13983154296875,63.39888000488281
163,244.63255310058594,65.13987731933594
164,243.54110717773438,69.50908660888672
165,243.54110717773438,69.50908660888672
166,244.93731689453125,76.93951416015625
167,257.1568603515625,76.49716186523438
168,257.1568603515625,76.49716186523438
169,263.2641906738281,70.85684204101562
169,238.806884765625,157.12460327148438
170,268.54388427734375,75.60459899902344
171,268.54388427734375,75.60459899902344
172,267.9541320800781,72.906005859375
173,269.078125,68.48932647705078
174,269.078125,68.48932647705078
175,272.145751953125,69.23661804199219
175,243.22103881835938,84.66410064697266
176,264.3851013183594,69.64337158203125
177,264.3851013183594,69.64337158203125
178,274.6330871582031,69.83745574951172
178,243.73794555664062,79.2977066040039
179,265.0680847167969,65.85865020751953
180,265.0680847167969,65.85865020751953
181,250.47836303710938,80.28223419189453
182,309.19482421875,56.57573318481445
182,252.33712768554688,71.56562042236328
183,309.19482421875,56.57573318481445
183,252.33712768554688,71.56562042236328
184,304.6805725097656,53.603546142578125
184,248.7421417236328,66.41116333007812
185,301.5072326660156,52.420711517333984
185,256.0516052246094,66.7729263305664
186,301.5072326660156,52.420711517333984
186,256.0516052246094,66.7729263305664
187,255.388427734375,64.7452392578125
187,305.2020263671875,39.595420837402344
188,312.6937561035156,53.86417007446289
188,549.3211059570312,19.117490768432617
189,312.6937561035156,53.86417007446289
189,549.3211059570312,19.117490768432617
190,301.34423828125,52.1989860534668
190,549.7631225585938,19.644628524780273
191,310.9981689453125,66.44332885742188
191,6.640472412109375,176.76800537109375
191,263.3778076171875,79.83280944824219
192,310.9981689453125,66.44332885742188
192,6.640472412109375,176.76800537109375
192,263.3778076171875,79.83280944824219
193,311.01806640625,63.621253967285156
193,260.9203796386719,76.64704132080078
194,304.3459777832031,68.58139038085938
194,9.993305206298828,177.57327270507812
194,548.0889282226562,17.84571075439453
195,304.3459777832031,68.58139038085938
195,9.993305206298828,177.57327270507812
195,548.0889282226562,17.84571075439453
196,304.1398010253906,67.28076171875
196,547.3729858398438,17.638776779174805
196,5.079536437988281,178.4535369873047
196,519.6106567382812,289.82037353515625
197,300.48797607421875,67.87848663330078
197,546.7117309570312,20.55270004272461
197,514.6988525390625,288.80413818359375
198,300.48797607421875,67.87848663330078
198,546.7117309570312,20.55270004272461
198,514.6988525390625,288.80413818359375
199,300.83062744140625,62.51643753051758
199,544.5450439453125,19.278234481811523
199,516.9902954101562,288.4667663574219
200,295.1153869628906,60.76068878173828
200,517.019287109375,285.578857421875
200,543.688720703125,13.353246688842773
201,295.1153869628906,60.76068878173828
201,517.019287109375,285.578857421875
201,543.688720703125,13.353246688842773
202,294.1707763671875,55.00326156616211
202,512.4432983398438,286.96124267578125
203,298.0096130371094,40.15052032470703
203,516.543701171875,279.1883850097656
204,298.0096130371094,40.15052032470703
204,516.543701171875,279.1883850097656
205,298.7135314941406,40.41696548461914
205,515.030029296875,279.4551696777344
206,301.9867248535156,51.009708404541016
206,511.2388610839844,275.326416015625
207,301.9867248535156,51.009708404541016
207,511.2388610839844,275.326416015625
208,275.2296142578125,64.3167495727539
208,509.4564514160156,271.8935546875
209,266.9871520996094,74.95618438720703
209,515.761962890625,271.5826721191406
210,266.9871520996094,74.95618438720703
210,515.761962890625,271.5826721191406
211,258.05462646484375,67.91693115234375
211,516.0078735351562,268.1988830566406
212,257.13677978515625,75.16571807861328
212,520.471435546875,262.5945129394531
213,257.13677978515625,75.16571807861328
213,520.471435546875,262.5945129394531
214,262.5355224609375,77.08190155029297
214,518.4793701171875,261.9017028808594
215,268.6932678222656,71.45515441894531
215,521.4325561523438,260.7390441894531
216,268.6932678222656,71.45515441894531
216,521.4325561523438,260.7390441894531
217,273.6610107421875,69.46491241455078
218,264.0580749511719,58.02417755126953
219,264.0580749511719,58.02417755126953
220,263.7402648925781,46.908424377441406
221,271.13360595703125,37.71751022338867
222,271.13360595703125,37.71751022338867
223,265.0732421875,38.21604537963867
224,265.9023132324219,43.59175491333008
225,265.9023132324219,43.59175491333008
226,264.8389892578125,36.61261749267578
226,24.417667388916016,141.73008728027344
227,30.50027847290039,127.9190902709961
227,267.106689453125,37.32399368286133
227,494.7885437011719,227.02940368652344
228,30.50027847290039,127.9190902709961
228,267.106689453125,37.32399368286133
228,494.7885437011719,227.02940368652344
229,29.383602142333984,125.30750274658203
229,282.0941467285156,59.403038024902344
229,495.7516174316406,225.81475830078125
230,38.69962692260742,124.52989196777344
230,281.5617370605469,74.96349334716797
231,38.69962692260742,124.52989196777344
231,281.5617370605469,74.96349334716797
232,285.40850830078125,76.96925354003906
232,23.9825439453125,124.8351821899414
232,495.87921142578125,220.71218872070312
233,285.79937744140625,81.37106323242188
234,285.79937744140625,81.37106323242188
235,289.48175048828125,75.87332916259766
236,304.9014892578125,87.18830108642578
237,304.9014892578125,87.18830108642578
238,310.5164794921875,84.16014099121094
239,289.97412109375,61.64165115356445
239,39.825477600097656,107.7345962524414
240,289.97412109375,61.64165115356445
240,39.825477600097656,107.7345962524414
241,289.99346923828125,59.06916809082031
241,30.22684097290039,109.24955749511719
242,487.2177734375,204.1758575439453
242,304.4736328125,42.83865737915039
242,28.350906372070312,114.06609344482422
243,487.2177734375,204.1758575439453
243,304.4736328125,42.83865737915039
243,28.350906372070312,114.06609344482422
244,303.0812072753906,41.54506301879883
244,496.25775146484375,203.26222229003906
245,309.0840759277344,36.16815948486328
245,3.681640625,117.98355102539062
246,309.0840759277344,36.16815948486328
246,3.681640625,117.98355102539062
247,7.033672332763672,121.60952758789062
247,307.711669921875,37.81740951538086
248,7.627735137939453,112.77101135253906
248,312.6336669921875,42.79249954223633
248,506.66217041015625,180.85646057128906
249,7.627735137939453,112.77101135253906
249,312.6336669921875,42.79249954223633
249,506.66217041015625,180.85646057128906
250,313.8134460449219,43.040096282958984
250,501.71563720703125,178.91390991210938
251,326.86663818359375,46.31519317626953
251,505.3458251953125,178.17950439453125
252,326.86663818359375,46.31519317626953
252,505.3458251953125,178.17950439453125
253,318.9570617675781,41.370609283447266
253,506.116943359375,174.92274475097656
254,327.0547790527344,44.863128662109375
254,510.0988464355469,168.56211853027344
255,327.0547790527344,44.863128662109375
255,510.0988464355469,168.56211853027344
256,327.29901123046875,48.907386779785156
256,510.7183837890625,169.89468383789062
257,324.3058776855469,54.25676345825195
257,506.0081787109375,162.13168334960938
258,324.3058776855469,54.25676345825195
258,506.0081787109375,162.13168334960938
259,321.55572509765625,51.273563385009766
259,501.7524719238281,160.91763305664062
260,327.60919189453125,43.25082778930664
260,509.2106628417969,162.25914001464844
261,327.60919189453125,43.25082778930664
261,509.2106628417969,162.25914001464844
262,318.971435546875,40.519351959228516
262,506.55157470703125,157.0588836669922
263,308.2513732910156,49.762229919433594
263,505.51031494140625,156.4569549560547
264,308.2513732910156,49.762229919433594
264,505.51031494140625,156.4569549560547
265,314.3247985839844,51.503334045410156
265,501.2330627441406,154.67056274414062
266,327.3349609375,54.64939880371094
266,504.4691162109375,159.5292510986328
267,327.3349609375,54.64939880371094
267,504.4691162109375,159.5292510986328
268,332.06976318359375,59.56840896606445
268,497.22296142578125,160.59677124023438
269,331.2034606933594,56.60693359375
269,494.5733337402344,155.25155639648438
269,590.40673828125,31.796768188476562
270,328.4491271972656,57.62884521484375
271,328.4491271972656,57.62884521484375
272,327.26055908203125,58.62202453613281
273,331.3675231933594,61.3558349609375
274,331.3675231933594,61.3558349609375
275,331.11114501953125,59.927669525146484
275,500.6904296875,157.4171600341797
276,321.72900390625,65.97941589355469
276,-1.7742538452148438,68.88997650146484
277,321.72900390625,65.97941589355469
277,-1.7742538452148438,68.88997650146484
278,311.62542724609375,67.85682678222656
279,283.3880920410156,77.45582580566406
279,23.342418670654297,47.46086120605469
280,283.3880920410156,77.45582580566406
280,23.342418670654297,47.46086120605469
281,274.8218078613281,71.81362915039062
287,365.4419250488281,56.01146697998047
288,256.9522705078125,75.50189208984375
289,256.9522705078125,75.50189208984375
290,255.60772705078125,75.19432830810547
290,353.00946044921875,60.60605239868164
291,349.68853759765625,57.73486328125
292,349.68853759765625,57.73486328125
293,265.85693359375,74.85627746582031
293,361.4986572265625,59.4393196105957
294,268.236572265625,78.22721862792969
295,268.236572265625,78.22721862792969
296,272.7052307128906,67.37352752685547
297,277.3161926269531,58.1900520324707
297,325.20916748046875,51.70941925048828
298,277.3161926269531,58.1900520324707
298,325.20916748046875,51.70941925048828
299,324.26708984375,50.735321044921875
299,280.014892578125,55.70729446411133
300,320.3137512207031,53.36167907714844
300,283.0281677246094,59.53141784667969
301,320.3137512207031,53.36167907714844
301,283.0281677246094,59.53141784667969
302,332.73583984375,51.58753204345703
302,280.6839294433594,61.63493728637695
303,338.5377502441406,55.92195129394531
303,264.2791442871094,66.93241882324219
304,338.5377502441406,55.92195129394531
304,264.2791442871094,66.93241882324219
305,334.00537109375,54.45333480834961
305,272.60565185546875,65.10894012451172
306,332.0982666015625,59.05558395385742
306,269.4154357910156,62.80085372924805
307,332.0982666015625,59.05558395385742
307,269.4154357910156,62.80085372924805
308,329.6316223144531,62.41221618652344
308,265.7460021972656,69.02458190917969
309,267.9161071777344,64.73863983154297
309,332.26409912109375,58.748748779296875
310,267.9161071777344,64.73863983154297
310,332.26409912109375,58.748748779296875
311,269.2757263183594,59.33934020996094
311,335.31072998046875,59.54307556152344
312,329.02789306640625,61.74557876586914
312,267.6846923828125,57.427757263183594
313,329.02789306640625,61.74557876586914
313,267.6846923828125,57.427757263183594
314,327.566650390625,58.12509536743164
314,273.6545104980469,59.0250358581543
315,315.3116149902344,50.4512825012207
315,275.05426025390625,58.21479797363281
316,315.3116149902344,50.4512825012207
316,275.05426025390625,58.21479797363281
317,312.9062805175781,47.36717224121094
317,188.56321716308594,159.44187927246094
317,276.01434326171875,56.95915985107422
318,321.8452453613281,44.66389465332031
318,268.8174133300781,58.922454833984375
319,321.8452453613281,44.66389465332031
319,268.8174133300781,58.922454833984375
320,317.9482727050781,46.75826644897461
320,275.3171081542969,58.12917709350586
321,327.0381164550781,50.69108200073242
321,277.2745361328125,67.00801086425781
322,327.0381164550781,50.69108200073242
322,277.2745361328125,67.00801086425781
323,330.2587890625,49.83723449707031
323,281.2982482910156,66.72493743896484
324,315.97705078125,58.98153305053711
325,315.97705078125,58.98153305053711
326,310.7535400390625,63.45460510253906
327,299.65826416015625,83.14574432373047
328,299.65826416015625,83.14574432373047
329,302.1573791503906,92.15141296386719
330,305.131591796875,91.90574645996094
331,305.131591796875,91.90574645996094
332,300.7135009765625,91.00523376464844
333,296.8951416015625,91.65058135986328
334,296.8951416015625,91.65058135986328
335,292.891845703125,92.41033935546875
336,298.32952880859375,95.58031463623047
337,298.32952880859375,95.58031463623047
338,299.8458251953125,95.27015686035156
339,303.7674560546875,95.60844421386719
340,303.7674560546875,95.60844421386719
341,296.67913818359375,95.30485534667969
342,361.7145080566406,77.36840057373047
342,304.5306091308594,82.4396743774414
343,361.7145080566406,77.36840057373047
343,304.5306091308594,82.4396743774414
344,362.91607666015625,76.53121185302734
344,304.25592041015625,83.6322250366211
345,363.5596923828125,74.9098129272461
345,304.2545166015625,110.88871765136719
345,6.385498046875,-2.7650773525238037
346,363.5596923828125,74.9098129272461
346,304.2545166015625,110.88871765136719
346,6.385498046875,-2.7650773525238037
347,364.6902770996094,74.31731414794922
347,307.7749328613281,110.85530090332031
348,366.2019348144531,68.58991241455078
348,310.4351501464844,74.89506530761719
349,366.2019348144531,68.58991241455078
349,310.4351501464844,74.89506530761719
350,343.8689880371094,72.0982894897461
350,309.1604309082031,72.27650451660156
351,338.4475402832031,72.96327209472656
352,338.4475402832031,72.96327209472656
353,332.2475891113281,70.67665100097656
353,296.3742980957031,68.67254638671875
354,280.9640808105469,70.70294189453125
354,336.3323669433594,68.3597640991211
354,45.23296356201172,-1.788485050201416
355,280.9640808105469,70.70294189453125
355,336.3323669433594,68.3597640991211
355,45.23296356201172,-1.788485050201416
356,283.7960510253906,70.32490539550781
356,345.48028564453125,66.99320983886719
356,36.01118087768555,0.689849853515625
357,284.1947937011719,70.28147888183594
357,344.0664978027344,73.79949951171875
357,29.97915267944336,0.13564372062683105
358,284.1947937011719,70.28147888183594
358,344.0664978027344,73.79949951171875
358,29.97915267944336,0.13564372062683105
359,333.5202331542969,77.30272674560547
359,25.461959838867188,-0.09025955200195312
360,327.885009765625,74.6369400024414
360,20.763263702392578,1.8498435020446777
360,283.3661193847656,79.69549560546875
360,285.1713562011719,72.09412384033203
361,327.885009765625,74.6369400024414
361,20.763263702392578,1.8498435020446777
361,283.3661193847656,79.69549560546875
361,285.1713562011719,72.09412384033203
362,330.39495849609375,77.06318664550781
362,16.396751403808594,0.7764666080474854
362,286.25738525390625,75.36680603027344
363,339.1579895019531,73.65460205078125
363,279.35089111328125,89.15543365478516
363,26.11614227294922,0.8997840881347656
364,339.1579895019531,73.65460205078125
364,279.35089111328125,89.15543365478516
364,26.11614227294922,0.8997840881347656
365,327.2934265136719,71.84970092773438
365,277.9442138671875,96.309814453125
365,17.854366302490234,3.5509355068206787
366,317.9040832519531,71.81378936767578
366,18.417587280273438,1.9093844890594482
367,317.9040832519531,71.81378936767578
367,18.417587280273438,1.9093844890594482
368,320.7357482910156,73.94998931884766
368,272.84783935546875,74.25611877441406
369,321.74615478515625,76.52275085449219
370,321.74615478515625,76.52275085449219
371,318.98992919921875,77.32275390625
371,271.9129333496094,94.88674926757812
372,285.7092590332031,92.19721984863281
373,285.7092590332031,92.19721984863281
374,286.0773010253906,84.65616607666016
375,293.9836730957031,88.53467559814453
375,13.755989074707031,-3.4980506896972656
376,293.9836730957031,88.53467559814453
376,13.755989074707031,-3.4980506896972656
377,301.94024658203125,65.06993103027344
378,290.2096862792969,88.23576354980469
378,32.5456428527832,1.7694213390350342
379,290.2096862792969,88.23576354980469
379,32.5456428527832,1.7694213390350342
380,289.5150451660156,92.37946319580078
381,291.5279235839844,97.34637451171875
382,291.5279235839844,97.34637451171875
383,296.66912841796875,97.22573852539062
384,290.7477111816406,87.71792602539062
384,31.39545440673828,-2.2010915279388428
385,290.7477111816406,87.71792602539062
385,31.39545440673828,-2.2010915279388428
386,293.2145080566406,87.82078552246094
386,30.115814208984375,-3.843106746673584
387,306.6941223144531,90.94650268554688
387,19.05038833618164,-3.428410053253174
388,306.6941223144531,90.94650268554688
388,19.05038833618164,-3.428410053253174
389,302.13238525390625,95.10696411132812
390,309.2217712402344,95.89344024658203
391,309.2217712402344,95.89344024658203
392,309.6983947753906,98.44883728027344
392,294.31561279296875,99.34403991699219
393,303.7886047363281,96.83889770507812
394,303.7886047363281,96.83889770507812
395,300.3018798828125,98.34709930419922
396,280.71063232421875,100.086181640625
397,280.71063232421875,100.086181640625
398,274.54681396484375,106.68360900878906
399,224.06521606445312,99.17223358154297
400,224.06521606445312,99.17223358154297
401,218.02166748046875,97.53155517578125
402,334.9633483886719,115.33699798583984
402,209.9105987548828,107.67816925048828
403,334.9633483886719,115.33699798583984
403,209.9105987548828,107.67816925048828
404,206.2722930908203,112.6197280883789
404,334.6091003417969,104.84603881835938
405,336.2568664550781,107.42581939697266
405,187.53451538085938,111.4834213256836
406,336.2568664550781,107.42581939697266
406,187.53451538085938,111.4834213256836
407,332.5799865722656,111.47933959960938
407,187.02969360351562,114.27577209472656
408,181.16134643554688,104.73419952392578
408,316.3841552734375,112.82222747802734
409,181.16134643554688,104.73419952392578
409,316.3841552734375,112.82222747802734
410,182.1273193359375,109.16273498535156
410,308.8956298828125,112.61804962158203
411,186.37371826171875,99.22027587890625
411,303.2252197265625,112.24855041503906
411,27.63896942138672,-11.978719711303711
412,186.37371826171875,99.22027587890625
412,303.2252197265625,112.24855041503906
412,27.63896942138672,-11.978719711303711
413,187.9381103515625,92.41411590576172
413,303.2154541015625,108.3012466430664
414,229.5198974609375,89.677490234375
414,307.5900573730469,105.83132934570312
415,229.5198974609375,89.677490234375
415,307.5900573730469,105.83132934570312
416,238.57644653320312,88.5911636352539
416,309.03997802734375,105.57617950439453
417,272.5719909667969,89.74067687988281
417,251.21665954589844,86.80952453613281
418,272.5719909667969,89.74067687988281
418,251.21665954589844,86.80952453613281
419,271.4874267578125,90.4689712524414
420,257.6224670410156,91.09397888183594
420,311.18231201171875,97.31652069091797
421,257.6224670410156,91.09397888183594
421,311.18231201171875,97.31652069091797
422,263.3642272949219,94.02528381347656
422,282.8311462402344,96.91014862060547
423,270.0212097167969,97.90272521972656
423,33.653011322021484,-8.197369575500488
424,270.0212097167969,97.90272521972656
424,33.653011322021484,-8.197369575500488
425,263.7951354980469,101.83146667480469
426,245.4549560546875,107.64884948730469
426,27.053775787353516,-3.8238306045532227
427,245.4549560546875,107.64884948730469
427,27.053775787353516,-3.8238306045532227
428,242.30105590820312,105.90741729736328
429,236.90481567382812,108.92194366455078
430,236.90481567382812,108.92194366455078
431,248.06689453125,106.93621063232422
432,268.6565856933594,100.10433959960938
433,268.6565856933594,100.10433959960938
434,271.3648986816406,100.51091003417969
435,274.8857727050781,100.11993408203125
436,274.8857727050781,100.11993408203125
437,282.15679931640625,101.68204498291016
438,272.2312316894531,94.64680480957031
439,272.2312316894531,94.64680480957031
440,276.71527099609375,94.81591796875
441,267.2049865722656,88.65448760986328
441,289.72235107421875,83.81255340576172
442,267.2049865722656,88.65448760986328
442,289.72235107421875,83.81255340576172
443,288.63848876953125,83.67413330078125
444,292.1157531738281,86.64158630371094
445,292.1157531738281,86.64158630371094
446,284.7289733886719,92.0887222290039
447,276.08258056640625,85.52590942382812
448,276.08258056640625,85.52590942382812
449,282.43109130859375,91.18545532226562
450,280.6689758300781,100.23892211914062
450,35.77281951904297,-12.781959533691406
451,280.6689758300781,100.23892211914062
451,35.77281951904297,-12.781959533691406
452,278.61260986328125,102.49565124511719
453,279.279052734375,104.78135681152344
453,280.9356384277344,117.38484191894531
454,279.279052734375,104.78135681152344
454,280.9356384277344,117.38484191894531
455,276.4154968261719,127.7209701538086
455,272.97967529296875,122.21048736572266
456,267.500244140625,117.30535888671875
457,267.500244140625,117.30535888671875
458,263.45111083984375,118.39405822753906
459,250.30560302734375,126.43387603759766
460,250.30560302734375,126.43387603759766
461,248.60415649414062,127.4286880493164
462,243.29637145996094,105.1658935546875
462,244.2249755859375,74.92447662353516
463,243.29637145996094,105.1658935546875
463,244.2249755859375,74.92447662353516
464,242.0572509765625,106.51261901855469
464,243.69554138183594,74.68132019042969
465,237.4115753173828,111.6339111328125
465,170.38958740234375,76.46588897705078
465,259.6800537109375,76.59996032714844
466,237.4115753173828,111.6339111328125
466,170.38958740234375,76.46588897705078
466,259.6800537109375,76.59996032714844
467,233.614990234375,111.70499420166016
468,236.3024139404297,110.41930389404297
469,236.3024139404297,110.41930389404297
470,240.50839233398438,113.2226333618164
471,240.00906372070312,100.76701354980469
472,240.00906372070312,100.76701354980469
473,248.15756225585938,98.07703399658203
473,19.38259506225586,86.02813720703125
474,253.3946533203125,92.57418060302734
475,253.3946533203125,92.57418060302734
476,243.38768005371094,96.15992736816406
476,345.0387878417969,78.8084716796875
477,242.87742614746094,101.83688354492188
477,262.7213134765625,75.83686065673828
477,39.19562911987305,85.11820220947266
477,360.7908935546875,76.14398956298828
478,242.87742614746094,101.83688354492188
478,262.7213134765625,75.83686065673828
478,39.19562911987305,85.11820220947266
478,360.7908935546875,76.14398956298828
479,267.9179382324219,76.30677032470703
479,41.7636833190918,85.05731201171875
479,240.4613037109375,94.85406494140625
479,366.9635314941406,75.64353942871094
480,269.1762390136719,76.90206146240234
480,185.75448608398438,78.44972229003906
480,229.85397338867188,123.56416320800781
480,46.188804626464844,85.2892837524414
480,368.58660888671875,74.23306274414062
480,37.37358093261719,-18.025054931640625
481,269.1762390136719,76.90206146240234
481,185.75448608398438,78.44972229003906
481,229.85397338867188,123.56416320800781
481,46.188804626464844,85.2892837524414
481,368.58660888671875,74.23306274414062
481,37.37358093261719,-18.025054931640625
482,271.2032165527344,77.16139221191406
482,43.62592697143555,-16.731523513793945
482,238.2823944091797,123.73995208740234
482,187.598388671875,79.25650787353516
482,143.18824768066406,78.56675720214844
483,36.6510009765625,-15.369416236877441
483,187.92813110351562,79.44708251953125
483,244.32632446289062,128.5098114013672
483,273.15155029296875,78.7810287475586
483,143.73345947265625,79.90367126464844
483,46.76323699951172,86.60604095458984
483,372.9679870605469,72.23265838623047
484,36.6510009765625,-15.369416236877441
484,187.92813110351562,79.44708251953125
484,244.32632446289062,128.5098114013672
484,273.15155029296875,78.7810287475586
484,143.73345947265625,79.90367126464844
484,46.76323699951172,86.60604095458984
484,372.9679870605469,72.23265838623047
485,246.99134826660156,126.5805892944336
485,187.6904296875,77.46791076660156
485,36.50350570678711,-16.695100784301758
485,271.9811096191406,78.2607421875
485,41.839263916015625,86.2729263305664
485,373.0535583496094,73.574462890625
486,25.100440979003906,-17.10024070739746
486,252.8604736328125,101.61270141601562
486,33.783653259277344,87.92721557617188
486,185.8953094482422,80.80220031738281
486,270.8703308105469,78.12799835205078
486,372.109130859375,73.2020263671875
487,25.100440979003906,-17.10024070739746
487,252.8604736328125,101.61270141601562
487,33.783653259277344,87.92721557617188
487,185.8953094482422,80.80220031738281
487,270.8703308105469,78.12799835205078
487,372.109130859375,73.2020263671875
488,255.00914001464844,94.32955932617188
488,32.13201141357422,87.06368255615234
488,20.462417602539062,-11.286398887634277
488,270.35638427734375,79.09209442138672
488,186.1953887939453,78.44444274902344
489,265.60284423828125,88.04795837402344
489,121.06285858154297,79.58694458007812
489,17.139434814453125,-11.948868751525879
489,33.15216064453125,88.85834503173828
489,369.1340637207031,75.10353088378906
489,269.0052795410156,79.82009887695312
489,456.42431640625,85.78871154785156
490,265.60284423828125,88.04795837402344
490,121.06285858154297,79.58694458007812
490,17.139434814453125,-11.948868751525879
490,33.15216064453125,88.85834503173828
490,369.1340637207031,75.10353088378906
490,269.0052795410156,79.82009887695312
490,456.42431640625,85.78871154785156
491,267.2538757324219,83.80294036865234
491,14.19088363647461,-7.635104179382324
491,120.92364501953125,78.04342651367188
491,22.757558822631836,87.01946258544922
491,266.7416076660156,78.81206512451172
491,456.241455078125,84.6797103881836
492,6.349754333496094,-8.028389930725098
492,267.57818603515625,86.31624603271484
492,15.71798324584961,87.62992095947266
492,257.33709716796875,79.84046936035156
492,456.34478759765625,85.18062591552734
492,367.3337097167969,73.52529907226562
492,413.7393798828125,88.59741973876953
493,6.349754333496094,-8.028389930725098
493,267.57818603515625,86.31624603271484
493,15.71798324584961,87.62992095947266
493,257.33709716796875,79.84046936035156
493,456.34478759765625,85.18062591552734
493,367.3337097167969,73.52529907226562
493,413.7393798828125,88.59741973876953
494,265.5345458984375,86.9583511352539
494,-0.5745697021484375,-4.041475296020508
494,13.68746280670166,88.29146575927734
494,413.73175048828125,88.17822265625
494,254.06253051757812,79.69579315185547
494,454.8131103515625,84.65802764892578
494,367.29742431640625,73.5691909790039
494,109.30957794189453,79.33010864257812
495,271.9776916503906,82.69498443603516
495,411.64263916015625,86.39936828613281
495,0.653076171875,-7.004441261291504
495,3.980398178100586,86.52183532714844
495,360.9690856933594,73.109130859375
495,452.36004638671875,84.4671401977539
496,271.9776916503906,82.69498443603516
496,411.64263916015625,86.39936828613281
496,0.653076171875,-7.004441261291504
496,3.980398178100586,86.52183532714844
496,360.9690856933594,73.109130859375
496,452.36004638671875,84.4671401977539
497,274.4442138671875,82.52632904052734
497,8.437728881835938,-7.42061710357666
497,411.0234375,86.72724914550781
497,2.1198654174804688,87.97491455078125
497,249.4753875732422,78.1160659790039
497,157.70924377441406,81.09481048583984
497,451.7637634277344,84.42801666259766
497,359.760498046875,73.27901458740234
498,12.367477416992188,-8.493577003479004
498,410.7398681640625,86.88130187988281
498,-3.0510926246643066,85.44468688964844
498,363.99822998046875,73.45213317871094
498,281.1273193359375,84.49053192138672
498,454.3558349609375,84.14087677001953
498,155.5517578125,80.00819396972656
498,246.5566864013672,76.56952667236328
498,97.0138931274414,78.58644104003906
499,12.367477416992188,-8.493577003479004
499,410.7398681640625,86.88130187988281
499,-3.0510926246643066,85.44468688964844
499,363.99822998046875,73.45213317871094
499,281.1273193359375,84.49053192138672
499,454.3558349609375,84.14087677001953
499,155.5517578125,80.00819396972656
499,246.5566864013672,76.56952667236328
499,97.0138931274414,78.58644104003906
500,409.8104248046875,85.4858169555664
500,15.549755096435547,-11.546382904052734
500,-2.7674496173858643,84.34825897216797
500,364.2581787109375,72.70423889160156
500,281.8366394042969,89.56594848632812
500,152.90155029296875,78.23018646240234
500,455.1186828613281,83.87683868408203
501,410.1727600097656,84.1788101196289
501,12.484779357910156,-9.537520408630371
501,-5.631190299987793,85.23070526123047
501,283.46002197265625,81.00608825683594
501,453.98699951171875,82.86161804199219
501,363.263916015625,74.47468566894531
501,239.5799560546875,78.50572967529297
501,152.23899841308594,80.01559448242188
502,410.1727600097656,84.1788101196289
502,12.484779357910156,-9.537520408630371
502,-5.631190299987793,85.23070526123047
502,283.46002197265625,81.00608825683594
502,453.98699951171875,82.86161804199219
502,363.263916015625,74.47468566894531
502,239.5799560546875,78.50572967529297
502,152.23899841308594,80.01559448242188
503,18.297443389892578,-11.103886604309082
503,409.96234130859375,83.78202819824219
503,-5.038756370544434,85.27937316894531
503,454.1261291503906,83.05020904541016
503,280.95391845703125,84.70232391357422
503,363.90753173828125,71.40618133544922
503,151.27113342285156,78.49760437011719
503,239.5900115966797,78.5455093383789
504,287.3293151855469,113.22073364257812
504,24.727325439453125,-7.044797897338867
504,365.1180419921875,75.07373046875
504,410.3565673828125,84.35130310058594
504,456.4495849609375,83.86772918701172
504,238.9923095703125,80.69495391845703
504,-3.1336045265197754,86.44857025146484
504,150.91790771484375,79.27709197998047
505,287.3293151855469,113.22073364257812
505,24.727325439453125,-7.044797897338867
505,365.1180419921875,75.07373046875
505,410.3565673828125,84.35130310058594
505,456.4495849609375,83.86772918701172
505,238.9923095703125,80.69495391845703
505,-3.1336045265197754,86.44857025146484
505,150.91790771484375,79.27709197998047
506,291.9136657714844,111.6331558227539
506,26.03923797607422,-9.788021087646484
506,364.5267028808594,77.85204315185547
506,239.5697021484375,80.60472869873047
506,412.4717712402344,84.61009216308594
506,150.42398071289062,79.68854522705078
506,458.56658935546875,85.06863403320312
507,289.327880859375,113.13422393798828
507,365.39105224609375,78.15164947509766
507,28.195171356201172,-16.25912857055664
507,242.18621826171875,81.55725860595703
507,149.27670288085938,81.29886627197266
508,289.327880859375,113.13422393798828
508,365.39105224609375,78.15164947509766
508,28.195171356201172,-16.25912857055664
508,242.18621826171875,81.55725860595703
508,149.27670288085938,81.29886627197266
509,286.36419677734375,112.58472442626953
509,28.678359985351562,-18.982860565185547
509,365.00421142578125,78.9513931274414
509,245.0997314453125,81.20835876464844
509,150.5801544189453,81.35400390625
510,32.27205276489258,-29.46626091003418
510,285.9029846191406,118.94776916503906
510,242.77792358398438,81.15276336669922
510,145.25601196289062,86.31511688232422
510,364.0542907714844,79.80933380126953
511,32.27205276489258,-29.46626091003418
511,285.9029846191406,118.94776916503906
511,242.77792358398438,81.15276336669922
511,145.25601196289062,86.31511688232422
511,364.0542907714844,79.80933380126953
512,289.9189453125,117.95934295654297
512,242.1247100830078,83.07762145996094
512,35.39955139160156,-6.841283798217773
512,143.724609375,86.44871520996094
512,367.304443359375,78.52174377441406
513,278.91741943359375,115.12440490722656
513,26.2890625,-3.1021265983581543
513,243.02615356445312,84.27735137939453
514,278.91741943359375,115.12440490722656
514,26.2890625,-3.1021265983581543
514,243.02615356445312,84.27735137939453
515,268.3298034667969,114.23938751220703
515,22.41474151611328,-1.2189130783081055
516,265.3323059082031,111.80477142333984
516,152.30908203125,90.00146484375
516,19.74599838256836,-14.113524436950684
516,386.935546875,82.08911895751953
517,265.3323059082031,111.80477142333984
517,152.30908203125,90.00146484375
517,19.74599838256836,-14.113524436950684
517,386.935546875,82.08911895751953
518,259.2824401855469,100.37992858886719
518,25.782508850097656,-15.630889892578125
518,151.84877014160156,90.32848358154297
518,388.2784729003906,81.25300598144531
519,268.4013671875,105.40377044677734
519,149.95892333984375,91.9805679321289
519,23.233966827392578,-9.588010787963867
520,251.53623962402344,92.70329284667969
520,3.1124114990234375,98.098388671875
520,36.25913619995117,-34.829498291015625
520,179.24441528320312,92.98868560791016
521,251.53623962402344,92.70329284667969
521,3.1124114990234375,98.098388671875
521,36.25913619995117,-34.829498291015625
521,179.24441528320312,92.98868560791016
522,183.72499084472656,89.9161148071289
522,222.34762573242188,99.2373275756836
522,1.558239459991455,99.6182632446289
522,27.382221221923828,-24.115509033203125
523,214.82672119140625,104.27313232421875
523,193.22801208496094,92.84791564941406
523,6.790604591369629,99.78355407714844
523,38.68204116821289,-21.929420471191406
524,214.82672119140625,104.27313232421875
524,193.22801208496094,92.84791564941406
524,6.790604591369629,99.78355407714844
524,38.68204116821289,-21.929420471191406
525,205.40264892578125,102.63829040527344
525,205.775146484375,90.40528869628906
525,14.456276893615723,98.33060455322266
525,23.153934478759766,-21.082088470458984
526,190.42198181152344,110.48974609375
526,206.78866577148438,90.3671875
526,-1.5224075317382812,-20.54452896118164
527,190.42198181152344,110.48974609375
527,206.78866577148438,90.3671875
527,-1.5224075317382812,-20.54452896118164
528,186.90391540527344,112.6651840209961
528,228.38046264648438,90.11774444580078
528,26.894929885864258,97.5283203125
529,185.43028259277344,115.88719940185547
529,34.581809997558594,94.76648712158203
529,494.57720947265625,76.88806915283203
529,236.98965454101562,89.21593475341797
530,185.43028259277344,115.88719940185547
530,34.581809997558594,94.76648712158203
530,494.57720947265625,76.88806915283203
530,236.98965454101562,89.21593475341797
531,183.8605499267578,117.92438507080078
531,41.34086990356445,94.7165298461914
531,429.57763671875,74.1953353881836
532,185.132568359375,122.6798095703125
532,55.78875732421875,92.25654602050781
532,376.4139099121094,76.6029281616211
532,-5.003414154052734,-13.034564018249512
532,444.62939453125,73.12528228759766
533,185.132568359375,122.6798095703125
533,55.78875732421875,92.25654602050781
533,376.4139099121094,76.6029281616211
533,-5.003414154052734,-13.034564018249512
533,444.62939453125,73.12528228759766
534,188.24295043945312,114.07039642333984
534,62.01162338256836,91.66658020019531
534,533.733154296875,73.74923706054688
534,453.14385986328125,73.65131378173828
534,383.7026672363281,77.11602783203125
534,0.9262466430664062,-19.21518325805664
535,404.8003845214844,76.85399627685547
535,198.11724853515625,96.41445922851562
535,77.96041870117188,92.09249877929688
535,475.5243225097656,72.49391174316406
535,206.2613067626953,77.52908325195312
535,567.8028564453125,68.5895004272461
536,404.8003845214844,76.85399627685547
536,198.11724853515625,96.41445922851562
536,77.96041870117188,92.09249877929688
536,475.5243225097656,72.49391174316406
536,206.2613067626953,77.52908325195312
536,567.8028564453125,68.5895004272461
537,411.90692138671875,75.06436920166016
537,568.462646484375,65.634765625
537,204.87582397460938,67.12382507324219
537,210.31976318359375,78.44412994384766
537,79.92921447753906,91.67080688476562
537,482.85791015625,69.5558853149414
538,208.698486328125,65.1098861694336
538,592.7413330078125,63.46190643310547
538,429.5840148925781,74.17646026611328
538,96.59907531738281,91.37403106689453
539,208.698486328125,65.1098861694336
539,592.7413330078125,63.46190643310547
539,429.5840148925781,74.17646026611328
539,96.59907531738281,91.37403106689453
540,207.75927734375,63.328025817871094
540,441.5115661621094,76.63775634765625
540,3.6371803283691406,11.561394691467285
540,605.724853515625,61.397464752197266
541,254.4302520751953,87.20501708984375
541,18.75762939453125,39.037109375
541,124.00531768798828,85.48103332519531
541,344.4166564941406,75.09961700439453
542,254.4302520751953,87.20501708984375
542,18.75762939453125,39.037109375
542,124.00531768798828,85.48103332519531
542,344.4166564941406,75.09961700439453
543,259.3775939941406,79.30126953125
543,474.79217529296875,73.31137084960938
543,131.00462341308594,85.41222381591797
544,227.60040283203125,68.91913604736328
544,505.1083679199219,72.93891906738281
544,373.2386474609375,75.06099700927734
544,581.1327514648438,61.6126823425293
545,227.60040283203125,68.91913604736328
545,505.1083679199219,72.93891906738281
545,373.2386474609375,75.06099700927734
545,581.1327514648438,61.6126823425293
546,223.89732360839844,72.98578643798828
546,381.6407470703125,75.7872543334961
546,509.64715576171875,72.71531677246094
547,227.36595153808594,71.07372283935547
547,537.9364624023438,72.2498779296875
547,6.172809600830078,44.18705368041992
547,400.1350402832031,76.65160369873047
548,227.36595153808594,71.07372283935547
548,537.9364624023438,72.2498779296875
548,6.172809600830078,44.18705368041992
548,400.1350402832031,76.65160369873047
549,223.929443359375,72.10038757324219
549,424.1533203125,73.24980926513672
549,12.678356170654297,42.6549186706543
550,-13.866024017333984,43.537654876708984
550,222.3680419921875,79.80306243896484
551,-13.866024017333984,43.537654876708984
551,222.3680419921875,79.80306243896484
552,-3.516387939453125,37.08688735961914
552,224.69677734375,100.0604248046875
552,473.32135009765625,72.33833312988281
553,-11.765670776367188,41.08125305175781
553,225.52627563476562,99.69298553466797
554,-11.765670776367188,41.08125305175781
554,225.52627563476562,99.69298553466797
555,225.39031982421875,102.08687591552734
555,-3.0455398559570312,39.36133575439453
555,517.5003662109375,70.60531616210938
556,230.4033660888672,106.40830993652344
556,9.68801498413086,39.65555191040039
556,329.90545654296875,78.84306335449219
557,230.4033660888672,106.40830993652344
557,9.68801498413086,39.65555191040039
557,329.90545654296875,78.84306335449219
558,230.95889282226562,105.433349609375
558,344.4476318359375,81.8428726196289
558,-3.8849449157714844,45.06476593017578
558,482.92950439453125,62.97831726074219
559,225.927001953125,105.56838989257812
559,-10.53934097290039,36.31092071533203
559,370.35113525390625,79.81790924072266
560,225.927001953125,105.56838989257812
560,-10.53934097290039,36.31092071533203
560,370.35113525390625,79.81790924072266
561,232.84820556640625,95.95308685302734
561,385.355224609375,79.16838836669922
561,528.4427490234375,61.21099853515625
562,252.9275360107422,81.62229919433594
562,417.91845703125,74.41027069091797
563,252.9275360107422,81.62229919433594
563,417.91845703125,74.41027069091797
564,260.41839599609375,78.82240295410156
564,436.9867248535156,76.4943618774414
565,252.68206787109375,74.21408081054688
565,469.9886474609375,75.48844909667969
566,252.68206787109375,74.21408081054688
566,469.9886474609375,75.48844909667969
567,230.14039611816406,67.83612060546875
567,474.3959045410156,74.8272705078125
568,227.5717010498047,59.97187042236328
568,507.1178894042969,73.07441711425781
569,227.5717010498047,59.97187042236328
569,507.1178894042969,73.07441711425781
570,223.04840087890625,59.84223937988281
570,514.2772827148438,73.86347961425781
571,180.0055694580078,90.44918823242188
571,544.5607299804688,72.34800720214844
572,180.0055694580078,90.44918823242188
572,544.5607299804688,72.34800720214844
573,226.56161499023438,77.31578063964844
573,563.141357421875,68.01532745361328
574,183.04864501953125,90.93773651123047
574,588.4210815429688,67.9646987915039
575,183.04864501953125,90.93773651123047
575,588.4210815429688,67.9646987915039
576,188.44436645507812,86.92681884765625
577,158.68206787109375,69.71167755126953
577,202.81130981445312,92.04641723632812
578,158.68206787109375,69.71167755126953
578,202.81130981445312,92.04641723632812
579,280.10968017578125,70.2410888671875
580,278.6676330566406,59.53621292114258
581,278.6676330566406,59.53621292114258
582,242.28233337402344,76.677001953125
583,263.5802001953125,82.01171112060547
583,18.75885009765625,29.76520538330078
584,263.5802001953125,82.01171112060547
584,18.75885009765625,29.76520538330078
585,273.6271667480469,82.16038513183594
586,294.61004638671875,123.16144561767578
587,294.61004638671875,123.16144561767578
588,291.1239013671875,113.13597106933594
589,283.9567565917969,69.3705825805664
590,283.9567565917969,69.3705825805664
591,289.30181884765625,72.78839874267578
592,295.3254699707031,61.70724868774414
593,295.3254699707031,61.70724868774414
594,264.72052001953125,40.64131546020508
594,304.57464599609375,52.85249710083008
595,251.2847900390625,39.99827194213867
596,251.2847900390625,39.99827194213867
597,249.37156677246094,38.46095275878906
598,253.99705505371094,55.34757995605469
598,368.49444580078125,61.54954528808594
599,253.99705505371094,55.34757995605469
599,368.49444580078125,61.54954528808594
600,252.34918212890625,63.04254150390625
600,352.14947509765625,62.38375473022461
601,337.4754333496094,76.861083984375
601,263.6343688964844,50.45655822753906
602,337.4754333496094,76.861083984375
602,263.6343688964844,50.45655822753906
603,347.7188415527344,76.00807189941406
603,258.4376525878906,44.45038604736328
604,255.56375122070312,47.60826110839844
604,359.2253112792969,74.42039489746094
605,260.1913757324219,50.88404083251953
605,360.9617614746094,67.81612396240234
606,262.66748046875,47.37818908691406
606,374.21368408203125,62.34104919433594
607,262.66748046875,47.37818908691406
607,374.21368408203125,62.34104919433594
608,257.2674255371094,54.515480041503906
608,373.8110656738281,68.99447631835938
609,259.3476867675781,60.13239288330078
609,393.1039123535156,80.54912567138672
610,259.3476867675781,60.13239288330078
610,393.1039123535156,80.54912567138672
611,391.81561279296875,84.99880981445312
611,263.31402587890625,67.407958984375
611,464.77899169921875,67.41728973388672
612,242.28573608398438,80.83478546142578
612,382.67376708984375,83.91656494140625
612,480.71875,75.18541717529297
613,242.28573608398438,80.83478546142578
613,382.67376708984375,83.91656494140625
613,480.71875,75.18541717529297
614,217.22984313964844,81.74434661865234
614,380.9678955078125,89.57131958007812
614,489.664794921875,80.45613098144531
615,201.55081176757812,80.21697998046875
615,380.2720642089844,87.97594451904297
615,511.27130126953125,74.21255493164062
616,201.55081176757812,80.21697998046875
616,380.2720642089844,87.97594451904297
616,511.27130126953125,74.21255493164062
617,373.01873779296875,86.09465026855469
617,194.8712158203125,85.5412368774414
617,514.8208618164062,74.32565307617188
618,381.17279052734375,87.71045684814453
618,205.28515625,71.67738342285156
618,535.7732543945312,79.23070526123047
619,381.17279052734375,87.71045684814453
619,205.28515625,71.67738342285156
619,535.7732543945312,79.23070526123047
620,386.5850524902344,87.7826156616211
620,178.31729125976562,73.9714584350586
620,97.77449035644531,35.80781173706055
621,392.2437744140625,87.82725524902344
621,179.78395080566406,65.94603729248047
621,583.64501953125,72.59825897216797
622,392.2437744140625,87.82725524902344
622,179.78395080566406,65.94603729248047
622,583.64501953125,72.59825897216797
623,168.94781494140625,53.396339416503906
624,189.0856170654297,41.05570602416992
625,189.0856170654297,41.05570602416992
626,376.8319396972656,68.09394836425781
626,185.0091552734375,39.00200653076172
627,381.537841796875,71.02043151855469
628,381.537841796875,71.02043151855469
629,387.81048583984375,71.73381042480469
629,206.55738830566406,29.208343505859375
630,386.5682678222656,70.62308502197266
630,206.02935791015625,20.872142791748047
630,405.66925048828125,80.17144775390625
631,386.5682678222656,70.62308502197266
631,206.02935791015625,20.872142791748047
631,405.66925048828125,80.17144775390625
632,383.6799621582031,74.44385528564453
633,380.24151611328125,77.72854614257812
633,205.57899475097656,50.58739471435547
634,380.24151611328125,77.72854614257812
634,205.57899475097656,50.58739471435547
635,374.40435791015625,78.30354309082031
635,370.9516906738281,-0.4338994026184082
636,376.76904296875,76.93579864501953
637,376.76904296875,76.93579864501953
638,385.734375,79.64778137207031
638,171.17587280273438,24.70383071899414
639,363.710205078125,73.76002502441406
639,144.38528442382812,60.696475982666016
640,363.710205078125,73.76002502441406
640,144.38528442382812,60.696475982666016
641,361.81207275390625,73.70550537109375
641,127.71336364746094,62.811859130859375
642,110.86053466796875,59.8706169128418
642,368.67431640625,66.30400085449219
643,110.86053466796875,59.8706169128418
643,368.67431640625,66.30400085449219
644,371.5973205566406,63.465789794921875
644,109.3983383178711,70.55301666259766
645,366.8475341796875,77.14010620117188
645,118.3871841430664,78.14802551269531
646,366.8475341796875,77.14010620117188
646,118.3871841430664,78.14802551269531
647,88.76824951171875,70.6686782836914
647,371.5196228027344,83.73451232910156
648,361.181396484375,96.95498657226562
648,115.95046997070312,80.83226776123047
649,361.181396484375,96.95498657226562
649,115.95046997070312,80.83226776123047
650,114.18854522705078,85.82350158691406
650,358.0247497558594,109.16374206542969
651,351.08990478515625,94.66754913330078
651,126.38713836669922,81.37858581542969
651,16.360363006591797,94.88159942626953
652,351.08990478515625,94.66754913330078
652,126.38713836669922,81.37858581542969
652,16.360363006591797,94.88159942626953
653,124.32611083984375,79.93003845214844
653,351.3243408203125,81.51499938964844
654,360.08612060546875,74.56415557861328
654,177.7364959716797,71.81275177001953
655,360.08612060546875,74.56415557861328
655,177.7364959716797,71.81275177001953
656,176.17352294921875,73.0460433959961
656,327.26470947265625,80.70989227294922
657,184.27337646484375,73.72579193115234
657,359.8832702636719,74.23282623291016
658,184.27337646484375,73.72579193115234
658,359.8832702636719,74.23282623291016
659,364.7518615722656,69.55406951904297
659,189.86721801757812,73.45121002197266
660,364.09124755859375,72.56535339355469
660,213.69200134277344,70.86299133300781
661,364.09124755859375,72.56535339355469
661,213.69200134277344,70.86299133300781
662,312.53485107421875,74.98584747314453
663,218.8367919921875,94.5071029663086
663,350.59765625,107.44566345214844
664,218.8367919921875,94.5071029663086
664,350.59765625,107.44566345214844
665,217.6776885986328,98.28768920898438
665,348.8761901855469,113.63147735595703
666,212.91336059570312,105.9508056640625
666,341.6849365234375,105.1435775756836
667,212.91336059570312,105.9508056640625
667,341.6849365234375,105.1435775756836
668,342.47174072265625,104.48785400390625
668,214.384765625,106.50637817382812
669,331.61700439453125,114.35682678222656
669,210.99368286132812,107.96370697021484
670,331.61700439453125,114.35682678222656
670,210.99368286132812,107.96370697021484
671,326.06939697265625,111.33757781982422
671,211.58001708984375,108.52874755859375
672,194.08096313476562,115.04652404785156
672,320.95794677734375,115.59986877441406
673,194.08096313476562,115.04652404785156
673,320.95794677734375,115.59986877441406
674,317.15740966796875,114.86438751220703
674,182.811279296875,115.41106414794922
675,309.4780578613281,118.13684844970703
675,169.01150512695312,110.66028594970703
676,309.4780578613281,118.13684844970703
676,169.01150512695312,110.66028594970703
677,302.54583740234375,120.23005676269531
677,162.03765869140625,110.47581481933594
678,164.7560272216797,111.74061584472656
678,299.2626647949219,116.11966705322266
679,164.7560272216797,111.74061584472656
679,299.2626647949219,116.11966705322266
680,161.65777587890625,120.51974487304688
680,301.4392395019531,111.50721740722656
681,159.9403076171875,117.84197235107422
681,262.2423095703125,117.35425567626953
682,159.9403076171875,117.84197235107422
682,262.2423095703125,117.35425567626953
683,167.26393127441406,118.5026626586914
683,257.87091064453125,117.69190216064453
684,170.17030334472656,114.88594055175781
684,280.06048583984375,113.94990539550781
685,170.17030334472656,114.88594055175781
685,280.06048583984375,113.94990539550781
686,166.02516174316406,114.85536193847656
686,284.440185546875,111.02873992919922
687,172.51995849609375,107.63330841064453
687,281.7268371582031,113.00962829589844
688,172.51995849609375,107.63330841064453
688,281.7268371582031,113.00962829589844
689,189.33084106445312,104.2502670288086
689,287.24993896484375,107.8111572265625
690,204.14756774902344,80.50674438476562
690,17.546710968017578,-3.5456666946411133
691,204.14756774902344,80.50674438476562
691,17.546710968017578,-3.5456666946411133
692,223.05860900878906,76.53765869140625
692,37.19343185424805,28.830331802368164
693,230.79840087890625,70.99783325195312
693,33.08452606201172,32.67958068847656
694,230.79840087890625,70.99783325195312
694,33.08452606201172,32.67958068847656
695,240.36807250976562,99.91171264648438
696,244.86451721191406,94.91407775878906
697,244.86451721191406,94.91407775878906
698,244.23851013183594,95.55643463134766
699,251.4164581298828,98.45222473144531
700,251.4164581298828,98.45222473144531
701,253.4049835205078,102.72862243652344
702,248.62184143066406,101.1832046508789
702,313.35089111328125,109.95551300048828
703,248.62184143066406,101.1832046508789
703,313.35089111328125,109.95551300048828
704,247.45071411132812,99.60895538330078
705,253.34033203125,99.29012298583984
706,253.34033203125,99.29012298583984
