0,257.9332580566406,108.80577850341797
0,1.7351882457733154,149.0469970703125
1,266.83160400390625,107.12626647949219
1,-0.27645546197891235,138.70794677734375
1,36.30117416381836,276.7725524902344
2,261.317626953125,108.58390808105469
2,1.7382311820983887,151.68740844726562
2,150.6276092529297,133.97607421875
3,269.06463623046875,111.11323547363281
3,0.6745911240577698,155.15536499023438
3,43.56440734863281,275.36614990234375
3,366.70599365234375,74.4195556640625
4,271.2871398925781,114.31312561035156
4,1.3348674774169922,154.4938507080078
4,201.767822265625,135.56539916992188
5,272.8200378417969,117.53707122802734
5,0.2667875289916992,154.19549560546875
5,169.0811004638672,133.89117431640625
6,269.9407043457031,120.20016479492188
6,5.688068866729736,157.2362060546875
7,275.8022155761719,124.03782653808594
7,3.3298323154449463,154.44749450683594
8,273.5303649902344,125.97238159179688
8,2.814812183380127,153.720703125
8,382.64764404296875,79.80268096923828
9,274.03369140625,119.5925521850586
9,9.163568496704102,154.30587768554688
10,282.28662109375,116.9180908203125
10,9.5446138381958,149.24639892578125
11,280.12652587890625,118.2194595336914
11,7.730659484863281,153.00201416015625
11,139.3690185546875,118.91836547851562
12,143.48672485351562,110.73667907714844
12,288.71624755859375,111.70266723632812
12,4.714557647705078,162.7788848876953
13,135.62008666992188,105.84854125976562
13,289.4570007324219,110.58550262451172
13,2.4138498306274414,163.81666564941406
14,127.75984191894531,100.84153747558594
14,290.756591796875,111.40451049804688
14,3.4252748489379883,166.05120849609375
14,458.27197265625,99.60162353515625
15,295.2925109863281,116.7984390258789
15,125.60985565185547,105.30171203613281
15,5.515296459197998,159.400390625
15,459.2095947265625,94.49011993408203
16,298.66259765625,126.3170166015625
16,131.08242797851562,100.31356811523438
16,4.948693752288818,156.52915954589844
16,457.2499694824219,102.45571899414062
17,304.3562316894531,126.16938781738281
17,130.43019104003906,92.27363586425781
17,1.938310146331787,162.29397583007812
17,457.7017822265625,101.15650177001953
18,301.6955261230469,131.53359985351562
18,124.6498031616211,98.70516967773438
18,0.2598416805267334,167.2646942138672
18,458.3890380859375,109.5594253540039
19,300.9754333496094,131.35768127441406
19,120.5992202758789,100.63043975830078
19,-0.033976078033447266,163.4258575439453
19,461.84747314453125,106.42359924316406
20,306.59405517578125,131.41184997558594
20,115.96548461914062,95.32852935791016
20,-0.031498074531555176,164.11424255371094
20,461.967529296875,112.6345443725586
21,126.42243957519531,98.67314910888672
21,310.3983459472656,127.98493957519531
21,1.9910223484039307,167.24960327148438
21,363.8623352050781,94.42684173583984
22,308.92401123046875,128.55377197265625
22,125.25294494628906,99.70567321777344
22,466.7200927734375,109.15972900390625
22,4.973469257354736,168.97071838378906
23,121.86148071289062,102.21958923339844
23,310.5940856933594,124.73823547363281
23,467.0291748046875,117.66645050048828
23,8.913039207458496,175.01461791992188
24,121.76470184326172,109.11834716796875
24,306.90582275390625,127.74886322021484
24,5.5502119064331055,177.68406677246094
24,464.7038269042969,111.98578643798828
25,303.9731750488281,127.26095581054688
25,129.16220092773438,113.31466674804688
25,466.5403137207031,114.33002471923828
25,8.26080322265625,180.38540649414062
26,303.35125732421875,130.23524475097656
26,126.3811264038086,110.87640380859375
26,469.8999328613281,123.65784454345703
26,9.809792518615723,206.1491241455078
27,303.4136047363281,131.10372924804688
27,134.9383087158203,115.51566314697266
27,471.5328369140625,121.68560028076172
27,11.048975944519043,176.99729919433594
28,125.94739532470703,113.11534881591797
28,309.57427978515625,132.88296508789062
28,473.0039978027344,118.49784851074219
28,10.081010818481445,210.4490966796875
29,140.77987670898438,117.49071502685547
29,310.7812194824219,153.14886474609375
29,10.39346694946289,213.4867706298828
29,475.425048828125,125.50951385498047
30,135.2750244140625,114.60655212402344
30,312.5482177734375,153.60330200195312
30,16.17966651916504,205.9785919189453
31,132.5775909423828,108.99182891845703
31,308.43243408203125,154.9973907470703
31,12.757328987121582,207.2335205078125
31,472.43231201171875,125.22616577148438
32,307.0809326171875,152.5242462158203
32,132.27810668945312,112.19082641601562
32,12.261026382446289,208.456787109375
32,468.9447326660156,126.41705322265625
33,126.23741912841797,95.92138671875
33,309.9853820800781,152.18722534179688
33,474.0586853027344,122.2669906616211
33,12.184673309326172,207.1014862060547
34,127.44744873046875,93.673828125
34,21.184581756591797,177.289794921875
34,316.6138916015625,149.90478515625
35,126.30526733398438,93.59673309326172
35,319.9032897949219,129.39669799804688
35,14.236013412475586,175.51516723632812
35,468.168212890625,118.95135498046875
36,130.09617614746094,88.85559844970703
36,322.2019348144531,125.01301574707031
36,14.37971019744873,174.32315063476562
36,462.3349304199219,121.62642669677734
37,325.5439758300781,128.88174438476562
37,126.95368194580078,73.4251480102539
37,461.1109313964844,122.44745635986328
38,117.1659164428711,89.14547729492188
38,327.6871643066406,129.9609375
38,466.7398986816406,123.29771423339844
39,128.81214904785156,84.63565063476562
39,324.7091064453125,130.4246063232422
39,468.70135498046875,123.42315673828125
40,135.73809814453125,95.38351440429688
40,322.28155517578125,147.00607299804688
40,463.01141357421875,123.78848266601562
40,13.309505462646484,210.73245239257812
41,133.6331329345703,93.98670196533203
41,16.363525390625,210.15725708007812
41,327.709716796875,150.4359588623047
42,140.13931274414062,88.89492797851562
42,330.7899475097656,154.760009765625
42,17.473825454711914,212.6395721435547
43,139.8660888671875,91.56002044677734
43,19.028928756713867,218.0375213623047
43,328.8915710449219,156.5104217529297
44,138.26803588867188,96.4073257446289
44,320.4933776855469,158.11801147460938
44,18.94184112548828,215.62835693359375
45,137.45162963867188,108.62774658203125
45,316.62274169921875,155.33937072753906
45,11.213951110839844,219.64422607421875
46,326.2939758300781,158.6224822998047
46,134.7026824951172,109.73371124267578
46,463.967529296875,149.22816467285156
47,138.23001098632812,114.68135070800781
47,329.9197082519531,160.97280883789062
47,13.419793128967285,223.0426788330078
48,312.7876281738281,156.2030487060547
48,21.52610969543457,221.37493896484375
48,138.4115447998047,120.33348846435547
49,25.771678924560547,213.25534057617188
49,332.2696838378906,162.8769989013672
49,130.29319763183594,124.6726303100586
49,470.9650573730469,151.5869903564453
50,327.6695251464844,161.71849060058594
50,26.785139083862305,210.1836395263672
50,138.3914337158203,125.568115234375
50,464.9375305175781,151.0804901123047
51,23.26587677001953,209.71487426757812
51,312.98638916015625,164.4818572998047
51,144.32481384277344,127.82908630371094
52,23.083309173583984,209.2025146484375
52,328.2043151855469,163.19061279296875
52,170.36155700683594,128.72056579589844
53,24.295988082885742,205.36032104492188
53,168.56224060058594,119.78620910644531
53,300.0275573730469,160.1888885498047
54,22.647966384887695,204.53720092773438
54,168.63449096679688,113.41777801513672
54,303.56781005859375,163.59503173828125
55,23.636150360107422,203.54849243164062
55,169.90594482421875,110.27769470214844
55,310.19427490234375,167.5523681640625
56,22.612442016601562,200.95005798339844
56,167.31536865234375,110.81295776367188
56,309.8738708496094,160.1697235107422
57,46.387603759765625,201.16856384277344
57,154.51925659179688,102.9765625
58,46.79986572265625,200.9600830078125
58,174.2504119873047,100.29908752441406
59,52.71201705932617,201.54592895507812
60,50.74429702758789,201.16065979003906
61,48.60407257080078,201.56497192382812
62,173.77847290039062,97.7031021118164
62,46.461158752441406,206.66831970214844
63,174.2349853515625,101.10150146484375
63,21.84590721130371,207.39198303222656
64,171.89117431640625,102.57466125488281
64,24.40726089477539,210.45907592773438
65,175.54627990722656,104.6935043334961
65,20.88553810119629,211.8883514404297
66,173.08050537109375,101.9426040649414
66,17.830657958984375,211.9511260986328
67,170.42481994628906,106.09739685058594
67,20.364004135131836,213.83633422851562
68,174.67713928222656,103.26834106445312
68,23.335805892944336,210.20687866210938
69,169.99673461914062,102.50975799560547
69,23.054107666015625,204.9415283203125
70,23.950336456298828,207.10792541503906
70,171.97549438476562,109.3914794921875
71,168.2640838623047,113.26261138916016
71,25.59528923034668,206.47923278808594
72,24.374366760253906,206.52670288085938
72,177.6624298095703,127.96092987060547
73,47.091373443603516,203.716064453125
74,50.32643508911133,201.52780151367188
75,174.9026336669922,120.36634826660156
75,26.681657791137695,202.94921875
76,176.315673828125,117.837158203125
76,51.6874885559082,200.70309448242188
77,176.3760528564453,112.80113220214844
77,51.0924072265625,199.55215454101562
78,175.3672637939453,108.09950256347656
78,49.91102600097656,199.00259399414062
78,333.9067077636719,144.9946746826172
79,173.6160888671875,106.11672973632812
79,44.72946548461914,184.7406768798828
79,339.4007263183594,128.4982147216797
80,172.5650177001953,101.62047576904297
80,41.933250427246094,181.0771484375
80,338.0278625488281,127.01388549804688
81,172.88389587402344,91.34886932373047
81,39.74566650390625,175.97793579101562
82,40.12001037597656,176.57469177246094
82,179.56260681152344,91.05638122558594
83,39.21371841430664,179.85324096679688
83,172.83685302734375,72.55634307861328
83,333.1128234863281,121.02229309082031
84,174.8433837890625,66.71377563476562
84,338.6965637207031,122.70196533203125
84,40.42231750488281,185.88230895996094
85,179.58676147460938,65.29074096679688
85,338.9310607910156,121.81166076660156
85,43.71268081665039,204.65298461914062
86,180.79881286621094,67.11215209960938
86,339.27398681640625,123.36695098876953
86,42.16249084472656,187.94667053222656
87,179.62991333007812,67.55899047851562
87,339.67041015625,124.48853302001953
88,181.2654266357422,73.13851165771484
88,336.31890869140625,123.79808044433594
88,55.218360900878906,184.91854858398438
89,182.1265869140625,69.63172149658203
89,332.4867858886719,123.74009704589844
89,48.79692840576172,177.24465942382812
90,179.097412109375,73.89036560058594
90,40.59588623046875,173.87759399414062
90,338.0201110839844,123.64862060546875
91,178.73294067382812,94.43325805664062
91,344.2892761230469,122.37788391113281
91,44.7774658203125,180.02037048339844
92,176.48843383789062,99.09130859375
92,345.4560852050781,122.33895874023438
92,38.55931091308594,180.02420043945312
93,171.71759033203125,97.8238754272461
93,39.4239387512207,179.26608276367188
93,341.027587890625,123.9412612915039
93,452.73406982421875,121.6222915649414
94,174.5773468017578,90.6989974975586
94,43.86262893676758,200.3540496826172
94,345.3295593261719,125.4134521484375
95,173.57669067382812,84.78846740722656
95,36.8792610168457,179.4477996826172
95,316.7700500488281,119.19503784179688
96,172.43508911132812,92.15375518798828
96,23.090682983398438,174.4554901123047
96,340.80108642578125,120.58418273925781
96,455.6466979980469,122.71488189697266
97,171.41419982910156,94.39232635498047
97,19.38376235961914,170.1947784423828
97,346.56268310546875,116.962158203125
98,172.2685546875,94.34362030029297
98,18.906301498413086,170.48170471191406
98,340.96673583984375,116.81796264648438
98,367.5189208984375,109.76910400390625
99,168.4300994873047,100.02941131591797
99,24.292295455932617,169.85426330566406
99,334.4433898925781,117.96806335449219
99,456.0680236816406,117.67308044433594
100,170.9188232421875,100.24374389648438
100,22.077537536621094,171.17953491210938
100,332.6978759765625,119.84745025634766
100,457.5151672363281,117.89083862304688
101,175.34951782226562,101.90825653076172
101,21.63030242919922,171.01715087890625
101,336.6656188964844,121.21585845947266
101,456.0881042480469,115.42061614990234
102,179.75823974609375,92.26390075683594
102,19.81441307067871,170.63973999023438
102,342.4941101074219,115.53024291992188
102,370.86688232421875,110.67361450195312
103,337.77447509765625,119.48314666748047
103,18.422807693481445,171.45614624023438
103,170.6150360107422,85.12872314453125
103,453.26629638671875,111.32271575927734
104,457.0417785644531,111.42888641357422
104,339.5885009765625,119.07283020019531
104,19.297449111938477,168.81146240234375
104,170.33753967285156,69.97295379638672
105,458.7194519042969,109.04302215576172
105,339.52203369140625,119.54888916015625
105,169.35569763183594,56.370521545410156
105,23.7048282623291,168.28021240234375
106,165.24737548828125,60.28170394897461
106,457.0208435058594,113.70210266113281
106,339.04217529296875,122.80738067626953
106,25.248153686523438,171.67469787597656
107,162.2384490966797,50.14878845214844
107,344.00592041015625,118.07937622070312
107,21.509246826171875,166.47607421875
107,458.56756591796875,113.33415985107422
108,165.04380798339844,59.45279312133789
108,343.49810791015625,121.78428649902344
108,19.983028411865234,170.39280700683594
108,371.18731689453125,114.36585998535156
109,165.99305725097656,68.84710693359375
109,338.8763122558594,125.06250762939453
109,365.479736328125,112.6889877319336
110,341.3059387207031,126.60633087158203
110,456.7857360839844,114.4110107421875
110,170.56414794921875,81.27273559570312
111,337.32659912109375,124.00859069824219
111,468.1981201171875,115.27388763427734
111,169.4842987060547,95.9168701171875
112,169.6334991455078,101.06182861328125
112,336.064208984375,123.12115478515625
112,468.9733581542969,114.04513549804688
112,16.878881454467773,172.59873962402344
113,176.86453247070312,100.1116943359375
113,14.650338172912598,167.89561462402344
113,334.73480224609375,122.42123413085938
113,467.8985290527344,115.30191802978516
114,175.20518493652344,93.4627685546875
114,11.724016189575195,169.29928588867188
114,336.22576904296875,121.50491333007812
114,466.85986328125,116.24708557128906
115,183.43031311035156,98.18765258789062
115,10.621280670166016,165.24472045898438
115,337.42523193359375,126.92135620117188
115,464.5078125,112.18955993652344
116,181.97750854492188,95.78873443603516
116,338.3423767089844,129.14871215820312
116,15.93757438659668,169.58749389648438
116,377.2794494628906,112.32691955566406
117,178.43960571289062,96.6178970336914
117,336.1602783203125,132.07408142089844
117,19.50965690612793,171.5978240966797
117,457.1150207519531,117.26140594482422
118,174.8907012939453,94.87850189208984
118,15.936747550964355,172.7044677734375
118,338.0594787597656,127.95863342285156
118,462.0377197265625,117.8685073852539
119,178.61587524414062,99.31192016601562
119,334.45928955078125,127.74880981445312
119,12.829107284545898,170.84747314453125
119,464.5217590332031,117.13018035888672
120,181.0533905029297,105.07563781738281
120,334.5511169433594,126.7369155883789
120,14.77762222290039,171.9853515625
120,462.8489074707031,116.57740783691406
121,173.3312225341797,94.46685028076172
121,18.91317367553711,174.6498565673828
121,333.3534240722656,124.62560272216797
121,469.35272216796875,119.2248764038086
122,169.6458740234375,99.218994140625
122,340.9038391113281,120.77161407470703
122,15.788820266723633,173.5568084716797
122,364.67510986328125,112.37850189208984
123,169.83822631835938,98.68707275390625
123,342.3014221191406,124.57627868652344
123,15.911334991455078,171.9096221923828
124,170.3083038330078,96.7188720703125
124,338.2113037109375,125.9761734008789
124,13.165390968322754,174.1938018798828
124,372.0428466796875,108.61320495605469
125,173.76377868652344,99.10924530029297
125,17.384933471679688,174.25360107421875
125,340.4062805175781,126.08195495605469
125,411.3810119628906,124.75659942626953
126,178.2898712158203,84.94935607910156
126,15.94217300415039,171.668212890625
126,379.8128356933594,115.80660247802734
126,339.2891845703125,127.12844848632812
127,21.691913604736328,166.13589477539062
127,176.00347900390625,77.80463409423828
127,330.6994934082031,118.88846588134766
127,376.5721130371094,114.11527252197266
128,17.859283447265625,164.38133239746094
128,181.79010009765625,75.29148864746094
128,335.3387451171875,124.09358978271484
128,464.3069152832031,120.26225280761719
129,16.733739852905273,165.0609130859375
129,335.6175537109375,124.2759780883789
129,459.8367004394531,118.86468505859375
129,181.21900939941406,83.15911102294922
130,14.118873596191406,169.314453125
130,339.04095458984375,121.43335723876953
130,173.8454132080078,75.1162338256836
130,370.5463562011719,108.51329040527344
131,18.885347366333008,170.7401123046875
131,344.6056823730469,125.98487854003906
131,172.61997985839844,74.69798278808594
132,18.269315719604492,170.94451904296875
132,345.6206359863281,124.18351745605469
132,172.13418579101562,96.65557861328125
133,170.19873046875,102.36738586425781
133,15.573698997497559,170.69044494628906
133,345.8969421386719,123.94342041015625
134,168.40724182128906,104.37103271484375
134,19.88665199279785,173.3130340576172
134,342.50482177734375,121.0704345703125
135,14.608267784118652,172.56065368652344
135,178.1930694580078,105.68158721923828
135,314.99761962890625,113.94794464111328
136,181.70578002929688,108.58219909667969
136,15.756136894226074,172.43075561523438
136,340.54229736328125,120.64952850341797
137,181.92379760742188,108.92626190185547
137,11.005102157592773,176.2355499267578
137,322.5208435058594,115.82842254638672
138,177.66026306152344,111.624755859375
138,317.6131286621094,117.58659362792969
138,14.92020320892334,176.62098693847656
139,311.0126953125,117.59239959716797
139,19.37887954711914,175.13580322265625
140,318.4648132324219,115.7470703125
140,15.020917892456055,177.38072204589844
141,13.029955863952637,177.4678955078125
141,312.6484375,114.94579315185547
142,315.30377197265625,116.51021575927734
142,169.5418243408203,114.52442169189453
142,14.298633575439453,180.17813110351562
143,172.4746551513672,116.6423568725586
143,13.052155494689941,176.111328125
143,322.7958068847656,123.3412094116211
144,174.41009521484375,117.02490997314453
144,370.2838439941406,114.57649993896484
144,329.2755432128906,125.46337890625
144,16.478588104248047,178.551513671875
145,177.1494598388672,116.11353302001953
145,328.73065185546875,127.12600708007812
145,13.972681045532227,178.1974334716797
145,364.256591796875,116.58338928222656
146,12.718238830566406,178.02435302734375
146,174.54605102539062,117.83147430419922
146,328.9989013671875,123.43982696533203
147,176.12451171875,120.52314758300781
147,328.9562683105469,121.58267211914062
147,17.114418029785156,179.85092163085938
147,372.5108947753906,117.36492156982422
148,179.11997985839844,114.27637481689453
148,327.4598388671875,122.06271362304688
148,16.503173828125,182.268310546875
148,378.83856201171875,116.7555160522461
149,176.55673217773438,106.74254608154297
149,332.8408203125,122.530517578125
149,14.291264533996582,180.91168212890625
149,374.7176208496094,117.08694458007812
150,182.17478942871094,94.90666198730469
150,331.1239013671875,120.66783905029297
150,15.438477516174316,175.66714477539062
151,14.03788948059082,171.74392700195312
151,180.5694122314453,101.61661529541016
151,339.29351806640625,118.44892120361328
151,372.0655517578125,114.05136108398438
152,377.03765869140625,112.68888092041016
152,16.809446334838867,169.9791717529297
152,176.2008514404297,105.57782745361328
152,347.7789611816406,118.21940612792969
153,174.73028564453125,70.8040771484375
153,16.17267417907715,172.24171447753906
153,378.866943359375,113.93807983398438
153,343.9133605957031,117.04304504394531
154,13.725651741027832,173.1598663330078
154,174.70870971679688,70.90068054199219
154,375.5341491699219,113.69451904296875
154,343.202880859375,118.11637115478516
155,14.697843551635742,172.04632568359375
155,140.4348602294922,73.34222412109375
155,380.13037109375,115.26991271972656
156,13.989584922790527,175.55690002441406
156,371.3188781738281,116.01824951171875
156,126.916015625,84.17623901367188
157,14.6690092086792,178.16607666015625
157,173.28903198242188,102.77249908447266
157,316.316162109375,116.71263122558594
158,14.804239273071289,204.24545288085938
158,183.7928466796875,110.93425750732422
159,178.59117126464844,110.4090347290039
159,11.877949714660645,212.32342529296875
160,178.6889190673828,115.27600860595703
160,4.997035980224609,173.19049072265625
161,180.145751953125,107.63491821289062
161,368.2135314941406,115.00602722167969
161,7.333425998687744,176.4286346435547
162,175.86376953125,106.22997283935547
162,2.451033592224121,177.5460205078125
162,369.4910888671875,113.08197021484375
163,175.61993408203125,107.37804412841797
163,455.6616516113281,117.48548126220703
163,4.027392387390137,181.0995330810547
164,176.55130004882812,110.40089416503906
164,337.9267272949219,122.20896911621094
164,456.87139892578125,121.7342758178711
165,178.0277862548828,113.26885986328125
165,335.7196044921875,124.27628326416016
165,420.7968444824219,131.02633666992188
166,175.40892028808594,118.356201171875
166,11.111693382263184,210.85191345214844
167,171.02516174316406,112.25907135009766
167,10.996928215026855,179.62338256835938
167,378.0730285644531,116.72827911376953
168,172.0679931640625,110.35773468017578
168,373.1229553222656,115.7800521850586
168,9.903115272521973,182.7105712890625
169,170.7750244140625,114.9061279296875
169,10.484210014343262,178.44125366210938
169,369.9355773925781,115.70564270019531
170,166.38128662109375,117.56224822998047
170,9.194954872131348,179.2669677734375
170,326.7037353515625,123.04515838623047
170,376.98516845703125,114.95573425292969
171,168.59327697753906,113.84838104248047
171,10.344074249267578,180.54063415527344
171,295.7188720703125,126.46393585205078
171,379.6997375488281,115.36775970458984
172,7.87436056137085,180.39892578125
172,168.45016479492188,116.59618377685547
172,327.21160888671875,123.27925109863281
173,171.51808166503906,98.95782470703125
173,8.175421714782715,180.46119689941406
173,324.5243225097656,119.51802825927734
174,172.52259826660156,99.1950454711914
174,9.781763076782227,181.65513610839844
174,332.4734191894531,123.18451690673828
175,172.46868896484375,81.30104064941406
175,9.610138893127441,181.70095825195312
175,331.06024169921875,124.452880859375
175,372.6843566894531,113.1778335571289
176,169.65158081054688,76.40655517578125
176,326.1127014160156,121.89692687988281
176,10.239110946655273,178.29669189453125
177,8.256121635437012,174.5243377685547
177,169.67840576171875,69.87869262695312
177,372.1545104980469,113.8438491821289
177,331.82855224609375,124.1376953125
178,7.378327369689941,173.61061096191406
178,161.0546417236328,76.26776123046875
178,334.1553649902344,122.53556823730469
178,371.9122619628906,115.05118560791016
179,6.772867202758789,174.7012481689453
179,330.8486022949219,124.24797821044922
179,97.8797836303711,72.5054931640625
179,370.63055419921875,115.138671875
180,7.388360500335693,175.81591796875
180,157.57293701171875,94.25694274902344
180,331.94757080078125,121.80423736572266
180,369.5145263671875,113.74116516113281
181,6.788548469543457,174.39682006835938
181,164.32107543945312,96.29203796386719
182,8.928353309631348,174.2604522705078
182,171.74855041503906,96.28960418701172
182,338.62579345703125,124.91027069091797
183,171.42652893066406,97.29666900634766
183,8.549306869506836,178.34808349609375
183,331.3965148925781,120.9217529296875
184,166.8000946044922,99.96856689453125
184,8.758552551269531,181.02330017089844
184,337.5474853515625,122.27772521972656
185,168.9665069580078,104.14180755615234
185,7.5104289054870605,180.44598388671875
185,317.851318359375,118.17670440673828
185,314.4659423828125,120.9526596069336
186,165.21575927734375,108.55559539794922
186,11.603607177734375,182.8651123046875
186,330.6787414550781,122.1695327758789
187,9.963308334350586,180.53732299804688
187,169.777587890625,102.27507781982422
187,333.7215576171875,119.32337951660156
188,9.380075454711914,180.24378967285156
188,153.02928161621094,119.54509735107422
188,329.5527038574219,124.33383178710938
189,147.76145935058594,114.16806030273438
189,316.2637023925781,124.6534652709961
189,9.26980209350586,181.03955078125
190,307.5474548339844,124.91575622558594
190,143.4110870361328,109.17139434814453
190,5.347261905670166,176.7826690673828
191,149.19178771972656,111.24615478515625
191,311.284423828125,125.48310852050781
191,4.334794998168945,179.62779235839844
191,359.84576416015625,113.48262023925781
192,151.19540405273438,114.35828399658203
192,314.7378845214844,125.97628784179688
192,6.415216445922852,177.76553344726562
193,152.55226135253906,115.9329605102539
193,2.9908480644226074,173.326416015625
193,318.8376159667969,127.97098541259766
193,368.7081298828125,114.33421325683594
194,5.435014724731445,179.3195037841797
194,155.24769592285156,115.50447845458984
194,317.4922180175781,129.37416076660156
194,369.8521728515625,115.37403869628906
195,2.2922182083129883,182.85006713867188
195,317.0544128417969,124.00366973876953
195,144.65032958984375,109.14289855957031
196,4.301191329956055,183.56776428222656
196,320.4476623535156,122.78550720214844
196,143.69400024414062,112.9575424194336
197,3.3023929595947266,182.4221954345703
197,321.6033935546875,121.33003997802734
197,154.53518676757812,107.85906982421875
197,459.38214111328125,122.15917205810547
198,319.466064453125,123.17822265625
198,6.0010504722595215,180.40585327148438
198,171.52105712890625,102.01604461669922
198,457.40087890625,119.30049896240234
199,318.12298583984375,119.39344787597656
199,7.072384834289551,180.5415802001953
199,168.14442443847656,72.12114715576172
200,318.39044189453125,122.41876220703125
200,138.6746063232422,79.03511047363281
200,3.8531885147094727,172.8668212890625
200,453.8877868652344,120.63153076171875
201,317.0740661621094,121.28646850585938
201,3.641698122024536,169.754638671875
201,132.4873046875,63.10668182373047
202,313.7092590332031,120.58393096923828
202,127.29460906982422,60.33494567871094
202,3.346364736557007,168.28213500976562
203,315.4751281738281,119.80292510986328
203,0.7895067930221558,164.89051818847656
203,90.2142105102539,59.95643997192383
204,301.3183898925781,124.1153793334961
204,87.99420928955078,56.807613372802734
204,-0.02589118480682373,167.67311096191406
204,368.875732421875,112.91060638427734
205,299.3435974121094,122.60228729248047
205,76.10398864746094,61.493370056152344
205,2.278238296508789,170.82522583007812
205,374.5008850097656,111.88172912597656
206,291.2714538574219,122.16362762451172
206,1.8368468284606934,170.45083618164062
206,83.42755889892578,62.903343200683594
207,301.9822692871094,123.44988250732422
207,2.7009077072143555,172.1811065673828
207,80.58541870117188,61.493934631347656
208,297.5443115234375,122.94697570800781
208,381.02301025390625,104.10860443115234
208,83.94633483886719,64.2191162109375
208,0.7071747779846191,175.5556640625
209,302.98211669921875,123.8317642211914
209,377.14501953125,106.50090026855469
209,3.3433289527893066,173.77728271484375
209,129.41302490234375,105.77862548828125
210,303.6683044433594,121.45993041992188
210,3.8005924224853516,178.91769409179688
210,121.37283325195312,91.35321807861328
210,388.26934814453125,104.02967071533203
211,306.01190185546875,124.91065979003906
211,114.33639526367188,105.73573303222656
211,3.7565369606018066,177.23126220703125
211,381.9231872558594,107.2916488647461
212,298.8223876953125,124.27633666992188
212,2.043790340423584,177.10623168945312
212,380.5849304199219,104.1590805053711
212,131.2167510986328,117.10771942138672
213,303.3314208984375,123.84552764892578
213,3.0915303230285645,175.44857788085938
213,125.09513854980469,114.04786682128906
213,381.4880676269531,108.31051635742188
214,285.79986572265625,127.1982192993164
214,1.5080952644348145,178.4477081298828
214,381.6793518066406,105.65996551513672
214,109.18502044677734,151.61878967285156
215,303.1126708984375,122.96612548828125
215,0.011952996253967285,174.23272705078125
215,384.24566650390625,106.458984375
216,304.6020202636719,124.58769226074219
216,-0.023180723190307617,176.3986358642578
216,386.658447265625,107.78087615966797
216,131.18455505371094,134.47930908203125
217,310.6501770019531,126.43537902832031
217,1.2202935218811035,174.5934295654297
217,389.2956237792969,106.33477783203125
217,119.8568115234375,156.7097625732422
218,307.8294372558594,124.32786560058594
218,384.7265930175781,108.54784393310547
218,1.1651265621185303,178.1671905517578
218,123.2295913696289,152.1684112548828
219,311.8778991699219,125.20429992675781
219,388.0536804199219,109.70182800292969
219,3.4164881706237793,174.57958984375
220,284.4826965332031,121.45215606689453
220,387.50616455078125,109.73594665527344
220,3.091827869415283,166.57749938964844
220,144.71505737304688,122.84611511230469
221,383.2929382324219,106.92292785644531
221,300.1358337402344,119.03585815429688
221,0.2305659055709839,162.96168518066406
221,78.60846710205078,101.68269348144531
222,302.9052429199219,116.37188720703125
222,384.8446044921875,108.0185775756836
222,120.88059997558594,105.3492431640625
222,4.785778045654297,160.73265075683594
223,311.7900390625,118.21358489990234
223,451.9615783691406,95.47247314453125
223,4.405048847198486,160.6634979248047
223,81.32396697998047,96.44940948486328
224,0.26706182956695557,156.46792602539062
224,309.0502014160156,119.73888397216797
224,380.2932434082031,102.10206604003906
224,116.02102661132812,117.34888458251953
225,376.87939453125,104.8411865234375
225,-0.1830282211303711,158.63009643554688
225,90.88507080078125,63.75255584716797
225,318.4226989746094,117.89270782470703
226,99.48650360107422,56.18381118774414
226,376.42474365234375,102.34610748291016
226,1.7823911905288696,158.66197204589844
226,317.4576721191406,118.48260498046875
227,376.4935607910156,104.0127944946289
227,0.7686320543289185,158.437255859375
227,104.49176025390625,52.553855895996094
227,316.39349365234375,124.0616683959961
228,454.61383056640625,93.82181549072266
228,1.9459115266799927,159.62503051757812
228,116.05455017089844,49.23405838012695
228,316.1470642089844,119.24226379394531
229,374.1822814941406,104.88318634033203
229,1.1519322395324707,158.4978790283203
229,113.52288818359375,55.75947570800781
230,-0.32930946350097656,160.17051696777344
230,456.40301513671875,92.76726531982422
230,144.11685180664062,52.61735534667969
231,158.6343231201172,35.156768798828125
231,454.77667236328125,91.45301818847656
231,-0.845873236656189,163.33750915527344
232,-2.5502376556396484,165.030029296875
232,457.1766662597656,89.35932922363281
232,145.0831298828125,54.07072830200195
233,372.615966796875,96.13703918457031
233,0.8602159023284912,166.79185485839844
233,151.19932556152344,55.5192756652832
234,365.8836364746094,100.47737884521484
234,1.8228342533111572,167.88308715820312
234,115.46239471435547,47.21052932739258
235,362.743896484375,99.31890869140625
235,118.1538314819336,44.53555679321289
235,1.6754000186920166,170.18145751953125
236,448.9122009277344,94.64056396484375
236,114.73763275146484,42.757240295410156
236,-2.2738261222839355,169.0772247314453
237,366.40875244140625,99.83580017089844
237,105.87702178955078,46.37217712402344
237,-4.2883501052856445,165.0908966064453
237,310.0699157714844,126.4581298828125
238,455.67620849609375,88.93266296386719
238,112.2452392578125,49.877296447753906
238,-2.3121352195739746,165.352294921875
239,454.3705139160156,90.46558380126953
239,111.5533218383789,46.81671905517578
239,310.4652099609375,124.19975280761719
239,0.46870994567871094,166.0725555419922
240,116.88313293457031,60.625980377197266
240,453.4469299316406,90.50282287597656
240,313.05523681640625,130.45643615722656
241,118.13706970214844,63.58369064331055
241,363.63909912109375,91.81070709228516
241,318.408447265625,133.9358367919922
242,111.43606567382812,64.49235534667969
242,456.4211730957031,91.54151916503906
243,117.31229400634766,66.9087142944336
243,456.04302978515625,90.00479125976562
243,293.5735778808594,154.37045288085938
243,0.1583574414253235,164.82374572753906
244,115.60186004638672,62.32844924926758
244,461.95367431640625,93.18028259277344
244,314.8868408203125,137.4986572265625
245,108.82197570800781,58.59909439086914
245,0.07570230960845947,159.1900177001953
245,323.0299072265625,133.7202911376953
245,367.56939697265625,72.61715698242188
246,100.546630859375,49.0112419128418
246,291.1799621582031,120.80418395996094
246,460.16790771484375,94.56593322753906
247,99.24950408935547,46.16940689086914
247,286.43719482421875,120.10565185546875
247,0.9664934277534485,156.96400451660156
248,96.69544982910156,42.308502197265625
248,284.4173889160156,117.59376525878906
248,2.014224052429199,159.21194458007812
248,371.68634033203125,72.98834228515625
249,278.22845458984375,122.2430419921875
249,92.97835540771484,50.43018341064453
249,370.9964294433594,67.45651245117188
250,84.84645080566406,53.755374908447266
250,278.8116455078125,108.87684631347656
250,460.9615783691406,101.67536163330078
251,273.3626403808594,108.11583709716797
251,93.90645599365234,51.23908996582031
251,455.3174133300781,94.59129333496094
252,271.628173828125,103.14984130859375
252,63.18195724487305,49.294471740722656
252,454.69036865234375,93.8972396850586
253,272.15350341796875,106.09977722167969
253,63.46445846557617,50.576507568359375
253,455.620361328125,95.29788970947266
254,272.3390808105469,107.75572967529297
254,57.399253845214844,50.21419906616211
254,456.4036865234375,96.85958862304688
254,4.045496463775635,162.25131225585938
255,69.22392272949219,51.86054229736328
255,278.2860107421875,111.73944091796875
255,457.5811767578125,94.93710327148438
255,7.8712968826293945,160.5163116455078
256,64.69825744628906,46.92805480957031
256,286.7292175292969,110.2698745727539
256,9.332942008972168,161.59165954589844
257,64.15286254882812,49.08297348022461
257,278.2381896972656,106.50053405761719
257,3.0134568214416504,168.1669158935547
257,456.8073425292969,91.49418640136719
258,60.83895492553711,47.9759407043457
258,285.5082092285156,108.5143814086914
258,1.6028754711151123,174.61293029785156
259,60.03632354736328,54.859344482421875
259,289.05914306640625,107.93336486816406
259,1.8238059282302856,172.16390991210938
260,55.75763702392578,56.27713394165039
260,458.01776123046875,89.89805603027344
260,273.4726257324219,108.49413299560547
261,54.12007141113281,58.94046401977539
261,277.8487548828125,113.58435821533203
261,459.7284240722656,93.82634735107422
261,2.4098281860351562,172.50111389160156
262,291.7679138183594,108.23339080810547
262,52.75797653198242,60.31217956542969
263,59.75794219970703,65.05706024169922
263,463.6517333984375,85.27674102783203
263,275.8792419433594,116.74501037597656
264,463.4708251953125,88.64752197265625
264,274.6475524902344,128.30116271972656
264,52.53789520263672,87.69459533691406
265,461.3277893066406,90.67147064208984
265,274.3908386230469,132.52134704589844
265,82.54251098632812,110.99903106689453
266,457.80157470703125,85.41142272949219
266,57.54279327392578,90.64723205566406
266,271.01300048828125,135.44859313964844
267,455.7728271484375,83.6262435913086
267,72.88276672363281,71.38121795654297
267,1.951683521270752,167.05274963378906
267,278.95770263671875,159.82240295410156
268,76.7557601928711,62.65022277832031
268,457.88543701171875,89.89793395996094
268,278.01080322265625,137.67495727539062
269,82.32130432128906,56.20105743408203
269,458.4059753417969,88.83567810058594
270,458.3736572265625,90.95519256591797
270,76.39634704589844,50.2989387512207
271,79.05986785888672,47.596534729003906
271,454.8759460449219,92.94618225097656
272,80.93717193603516,45.15027618408203
272,461.4132385253906,91.69961547851562
272,4.36777400970459,163.61151123046875
273,88.60204315185547,45.34983444213867
273,459.8493347167969,88.47238159179688
274,457.26690673828125,88.55245971679688
274,87.72993469238281,43.92476272583008
275,455.28887939453125,89.3053970336914
275,83.80386352539062,41.89959716796875
275,4.622231960296631,165.85302734375
276,456.57086181640625,90.9837646484375
276,88.02910614013672,38.822998046875
277,457.94085693359375,90.33952331542969
277,92.94791412353516,31.385210037231445
277,292.071533203125,124.81655883789062
278,458.6701354980469,83.47999572753906
278,89.55843353271484,36.31315612792969
278,293.5787353515625,118.64009857177734
278,4.395424842834473,164.45767211914062
279,460.4665832519531,86.83869171142578
279,89.21372985839844,39.09046173095703
279,293.15997314453125,111.8583755493164
279,4.044092178344727,168.11891174316406
280,106.05247497558594,34.49786376953125
280,454.134521484375,90.4208755493164
280,286.30328369140625,111.0928726196289
280,6.005627632141113,161.41195678710938
281,457.2264099121094,87.71994018554688
281,95.46685028076172,37.97516632080078
281,297.5318908691406,113.99252319335938
281,6.066868782043457,163.38519287109375
282,93.5768814086914,41.674041748046875
282,456.4154357910156,88.16349029541016
282,294.4171142578125,112.37727355957031
282,5.487255096435547,162.9539031982422
283,95.23173522949219,49.36282730102539
283,0.013917267322540283,161.65284729003906
283,374.6558532714844,98.89920043945312
283,288.4988708496094,112.27098846435547
284,95.91963958740234,51.45206832885742
284,378.2054748535156,98.36466979980469
284,306.4611511230469,124.293212890625
284,0.8480629920959473,160.92030334472656
285,97.90251159667969,52.656429290771484
285,376.57769775390625,98.46369934082031
285,283.1199645996094,115.47513580322266
286,104.74679565429688,61.25493240356445
286,449.7114562988281,81.77227783203125
286,277.3260192871094,123.60724639892578
287,105.50819396972656,69.58741760253906
287,311.5805969238281,136.9024200439453
287,453.2939453125,82.47389221191406
288,93.85948944091797,72.7823486328125
288,1.490119218826294,162.4423370361328
288,291.6949768066406,115.67137145996094
289,302.0599060058594,111.18161010742188
289,91.95464324951172,69.25347900390625
290,94.85235595703125,67.9652328491211
290,364.38409423828125,102.50468444824219
291,86.34979248046875,65.32550811767578
291,454.5216979980469,80.28375244140625
291,3.8965256214141846,159.3631591796875
292,97.59918212890625,56.36992263793945
292,3.720559597015381,158.020263671875
293,97.5071792602539,47.111351013183594
293,0.08689981698989868,137.36769104003906
294,82.41700744628906,48.032127380371094
294,0.9885839223861694,136.3518524169922
295,82.86491394042969,46.030914306640625
296,74.82832336425781,42.323211669921875
297,70.86444091796875,44.82920455932617
298,82.47697448730469,29.582294464111328
298,282.30352783203125,107.91709899902344
299,76.95136260986328,39.61769104003906
299,282.4872131347656,107.93473815917969
300,286.6029968261719,108.43465423583984
300,89.58522033691406,34.843101501464844
301,290.6039123535156,108.66424560546875
301,89.99948120117188,43.726829528808594
302,86.48823547363281,44.99374771118164
302,273.4482116699219,120.5279541015625
303,85.91504669189453,49.046993255615234
303,276.8610534667969,124.82131958007812
304,85.49098205566406,55.42984390258789
304,289.2259216308594,110.73363494873047
305,286.7124938964844,109.84854125976562
305,56.98064422607422,55.194366455078125
306,51.054439544677734,57.707523345947266
306,277.8636169433594,110.29104614257812
307,57.510005950927734,57.8493537902832
307,272.97674560546875,115.22074890136719
307,3.8039329051971436,172.3238525390625
307,451.4927673339844,88.46002197265625
308,56.66847229003906,61.14039611816406
308,279.5635681152344,116.34882354736328
308,359.39569091796875,95.10975646972656
308,4.4225945472717285,167.2286376953125
309,293.3370056152344,108.443359375
309,55.22849655151367,62.7733039855957
309,0.38217276334762573,171.16885375976562
310,358.72186279296875,94.85932922363281
310,0.8601205945014954,166.98788452148438
310,283.1783447265625,126.87289428710938
311,359.76898193359375,92.71671295166016
311,-0.9696037173271179,170.2468719482422
311,273.8598327636719,132.57437133789062
312,304.5106506347656,105.77113342285156
312,271.6019592285156,135.57681274414062
313,300.8461608886719,107.82089233398438
313,275.5039978027344,156.93666076660156
314,306.440185546875,103.90556335449219
314,80.33921813964844,87.90104675292969
315,311.3779296875,106.47957611083984
315,267.3978576660156,134.90283203125
315,70.19795989990234,62.639793395996094
316,303.8475036621094,104.59242248535156
316,271.6695251464844,155.61892700195312
316,74.63097381591797,60.42918014526367
317,367.8406677246094,94.70869445800781
317,74.57695007324219,51.83291244506836
318,71.24200439453125,47.350196838378906
318,308.1756286621094,94.17262268066406
319,82.16944122314453,39.88255310058594
319,362.3768615722656,97.53590393066406
319,272.7440490722656,132.1852264404297
320,84.73514556884766,35.459877014160156
320,358.09991455078125,97.7088623046875
320,272.64996337890625,130.236328125
321,87.26127624511719,30.144927978515625
321,457.99945068359375,87.6492919921875
321,3.2362329959869385,156.91615295410156
321,275.740234375,135.4257354736328
322,79.80857849121094,35.39612579345703
322,5.159707546234131,160.91452026367188
323,272.9356384277344,125.63648986816406
323,82.28604125976562,33.933372497558594
324,276.5585021972656,121.26463317871094
324,93.2694320678711,35.15463638305664
325,278.99664306640625,112.70076751708984
325,91.29761505126953,38.684715270996094
325,0.3733091354370117,159.65518188476562
326,283.9878234863281,113.819580078125
326,99.49746704101562,39.58233642578125
326,2.823108434677124,162.89625549316406
327,97.88956451416016,38.125701904296875
327,287.6739196777344,108.55648803710938
327,452.97064208984375,101.39288330078125
327,3.108945846557617,158.6337890625
327,99.9602279663086,197.39988708496094
328,289.43145751953125,111.15568542480469
328,364.5112609863281,101.55450439453125
328,95.79940795898438,41.69069290161133
328,6.229963302612305,158.0410614013672
329,104.53817749023438,44.16106033325195
329,357.9007263183594,98.41508483886719
329,285.9223937988281,103.42533874511719
330,91.95667266845703,49.17606735229492
330,287.5845947265625,105.4822998046875
330,353.4986572265625,98.1763687133789
331,355.86700439453125,102.47569274902344
331,95.78961944580078,46.71223449707031
331,294.5724182128906,108.36388397216797
332,307.6986999511719,111.9100341796875
332,99.81758117675781,50.01934814453125
332,291.4602966308594,116.15695190429688
333,115.55792236328125,52.220279693603516
333,308.0133361816406,107.9856948852539
333,295.03521728515625,119.05805969238281
333,48.02238845825195,264.20037841796875
334,122.95240020751953,60.79153823852539
334,358.19891357421875,102.38449096679688
334,280.947265625,117.78438568115234
334,45.38127136230469,266.22021484375
334,2.6247682571411133,162.26654052734375
335,453.5727844238281,102.23018646240234
335,125.22343444824219,71.93180847167969
335,274.317138671875,124.82896423339844
335,43.266937255859375,269.1794128417969
335,1.1061426401138306,164.18560791015625
336,120.05857849121094,66.43862915039062
336,280.4687805175781,123.3970718383789
336,356.7473449707031,101.3819351196289
336,39.78289031982422,267.070556640625
336,0.029484987258911133,162.14340209960938
337,121.16870880126953,68.07048034667969
337,452.27130126953125,100.6351089477539
337,-1.275376796722412,163.29977416992188
337,36.574607849121094,270.9920959472656
338,121.73208618164062,59.083763122558594
338,3.038769245147705,158.43882751464844
338,299.5951232910156,110.9737548828125
339,123.4638671875,51.718902587890625
339,452.29144287109375,101.84466552734375
339,2.273435592651367,160.65670776367188
340,119.63046264648438,46.44358444213867
340,455.697509765625,93.88199615478516
341,117.01679229736328,46.039276123046875
342,104.64400482177734,50.61064147949219
343,93.10124969482422,47.13067626953125
344,118.81330108642578,41.322845458984375
344,288.00054931640625,121.24827575683594
344,457.7725524902344,99.52788543701172
345,96.58989715576172,42.017791748046875
345,316.02093505859375,126.70506286621094
346,90.70246887207031,41.12385177612305
346,290.1969299316406,123.72991180419922
346,310.8276672363281,107.95625305175781
347,97.92350769042969,40.51713943481445
347,292.6392822265625,129.49612426757812
348,129.56153869628906,38.20581817626953
348,312.2069396972656,110.82450866699219
349,125.20426177978516,38.63262939453125
349,291.6396789550781,131.9929656982422
349,368.7630310058594,110.55867004394531
350,121.13140106201172,35.93482208251953
350,289.1988220214844,131.47964477539062
350,367.022216796875,108.50460052490234
351,126.62899780273438,42.43156814575195
351,284.9888610839844,124.728271484375
351,364.2027893066406,107.37155151367188
352,125.05316162109375,51.016387939453125
352,366.71429443359375,108.042236328125
352,284.45062255859375,127.7020034790039
353,126.32390594482422,43.34747314453125
353,367.4391174316406,110.44380950927734
354,85.33333587646484,49.96168518066406
354,282.4444885253906,118.69119262695312
354,366.4622497558594,103.76622009277344
355,284.61639404296875,118.001708984375
355,78.28597259521484,51.4322395324707
355,453.7065734863281,108.65348052978516
356,278.0069580078125,113.62068176269531
356,112.36978912353516,50.132591247558594
356,453.6414489746094,106.08116149902344
357,282.6806945800781,113.3730239868164
357,116.41051483154297,60.07706832885742
358,273.9815979003906,119.12730407714844
358,125.41124725341797,72.26714324951172
359,273.6142883300781,117.67127227783203
359,121.18768310546875,89.71538543701172
359,460.0308837890625,114.25727081298828
360,273.4820556640625,117.8082275390625
360,116.63082122802734,94.14098358154297
360,460.1127014160156,115.25303649902344
361,268.8969421386719,121.00418853759766
361,115.5220947265625,100.11785125732422
361,460.2505187988281,110.92781066894531
361,1.8977090120315552,160.79965209960938
362,265.0506896972656,122.02902221679688
362,114.3994140625,102.44441223144531
362,3.4036192893981934,158.3794708251953
363,262.13848876953125,123.53678131103516
363,119.53827667236328,109.74468231201172
363,0.5856991410255432,159.76666259765625
364,262.9354248046875,121.03742980957031
364,115.32278442382812,109.55860900878906
364,0.7377011775970459,159.33428955078125
