,0
0,frame_number
1,abs_bbox_x1
2,abs_bbox_y1
3,abs_bbox_x2
4,abs_bbox_y2
5,class_prec
6,obj_prec
7,class
8,emb_1
9,emb_2
10,emb_3
11,emb_4
12,emb_5
13,emb_6
14,emb_7
15,emb_8
16,emb_9
17,emb_10
18,emb_11
19,emb_12
20,emb_13
21,emb_14
22,emb_15
23,emb_16
24,emb_17
25,emb_18
26,emb_19
27,emb_20
28,emb_21
29,emb_22
30,emb_23
31,emb_24
32,emb_25
33,emb_26
34,emb_27
35,emb_28
36,emb_29
37,emb_30
38,emb_31
39,emb_32
40,emb_33
41,emb_34
42,emb_35
43,emb_36
44,emb_37
45,emb_38
46,emb_39
47,emb_40
48,emb_41
49,emb_42
50,emb_43
51,emb_44
52,emb_45
53,emb_46
54,emb_47
55,emb_48
56,emb_49
57,emb_50
58,emb_51
59,emb_52
60,emb_53
61,emb_54
62,emb_55
63,emb_56
64,emb_57
65,emb_58
66,emb_59
67,emb_60
68,emb_61
69,emb_62
70,emb_63
71,emb_64
72,emb_65
73,emb_66
74,emb_67
75,emb_68
76,emb_69
77,emb_70
78,emb_71
79,emb_72
80,emb_73
81,emb_74
82,emb_75
83,emb_76
84,emb_77
85,emb_78
86,emb_79
87,emb_80
88,emb_81
89,emb_82
90,emb_83
91,emb_84
92,emb_85
93,emb_86
94,emb_87
95,emb_88
96,emb_89
97,emb_90
98,emb_91
99,emb_92
100,emb_93
101,emb_94
102,emb_95
103,emb_96
104,emb_97
105,emb_98
106,emb_99
107,emb_100
108,emb_101
109,emb_102
110,emb_103
111,emb_104
112,emb_105
113,emb_106
114,emb_107
115,emb_108
116,emb_109
117,emb_110
118,emb_111
119,emb_112
120,emb_113
121,emb_114
122,emb_115
123,emb_116
124,emb_117
125,emb_118
126,emb_119
127,emb_120
128,emb_121
129,emb_122
130,emb_123
131,emb_124
132,emb_125
133,emb_126
134,emb_127
135,emb_128
136,emb_129
137,emb_130
138,emb_131
139,emb_132
140,emb_133
141,emb_134
142,emb_135
143,emb_136
144,emb_137
145,emb_138
146,emb_139
147,emb_140
148,emb_141
149,emb_142
150,emb_143
151,emb_144
152,emb_145
153,emb_146
154,emb_147
155,emb_148
156,emb_149
157,emb_150
158,emb_151
159,emb_152
160,emb_153
161,emb_154
162,emb_155
163,emb_156
164,emb_157
165,emb_158
166,emb_159
167,emb_160
168,emb_161
169,emb_162
170,emb_163
171,emb_164
172,emb_165
173,emb_166
174,emb_167
175,emb_168
176,emb_169
177,emb_170
178,emb_171
179,emb_172
180,emb_173
181,emb_174
182,emb_175
183,emb_176
184,emb_177
185,emb_178
186,emb_179
187,emb_180
188,emb_181
189,emb_182
190,emb_183
191,emb_184
192,emb_185
193,emb_186
194,emb_187
195,emb_188
196,emb_189
197,emb_190
198,emb_191
199,emb_192
200,emb_193
201,emb_194
202,emb_195
203,emb_196
204,emb_197
205,emb_198
206,emb_199
207,emb_200
208,emb_201
209,emb_202
210,emb_203
211,emb_204
212,emb_205
213,emb_206
214,emb_207
215,emb_208
216,emb_209
217,emb_210
218,emb_211
219,emb_212
220,emb_213
221,emb_214
222,emb_215
223,emb_216
224,emb_217
225,emb_218
226,emb_219
227,emb_220
228,emb_221
229,emb_222
230,emb_223
231,emb_224
232,emb_225
233,emb_226
234,emb_227
235,emb_228
236,emb_229
237,emb_230
238,emb_231
239,emb_232
240,emb_233
241,emb_234
242,emb_235
243,emb_236
244,emb_237
245,emb_238
246,emb_239
247,emb_240
248,emb_241
249,emb_242
250,emb_243
251,emb_244
252,emb_245
253,emb_246
254,emb_247
255,emb_248
256,emb_249
257,emb_250
258,emb_251
259,emb_252
260,emb_253
261,emb_254
262,emb_255
263,emb_256
264,emb_257
265,emb_258
266,emb_259
267,emb_260
268,emb_261
269,emb_262
270,emb_263
271,emb_264
272,emb_265
273,emb_266
274,emb_267
275,emb_268
276,emb_269
277,emb_270
278,emb_271
279,emb_272
280,emb_273
281,emb_274
282,emb_275
283,emb_276
284,emb_277
285,emb_278
286,emb_279
287,emb_280
288,emb_281
289,emb_282
290,emb_283
291,emb_284
292,emb_285
293,emb_286
294,emb_287
295,emb_288
296,emb_289
297,emb_290
298,emb_291
299,emb_292
300,emb_293
301,emb_294
302,emb_295
303,emb_296
304,emb_297
305,emb_298
306,emb_299
307,emb_300
308,emb_301
309,emb_302
310,emb_303
311,emb_304
312,emb_305
313,emb_306
314,emb_307
315,emb_308
316,emb_309
317,emb_310
318,emb_311
319,emb_312
320,emb_313
321,emb_314
322,emb_315
323,emb_316
324,emb_317
325,emb_318
326,emb_319
327,emb_320
328,emb_321
329,emb_322
330,emb_323
331,emb_324
332,emb_325
333,emb_326
334,emb_327
335,emb_328
336,emb_329
337,emb_330
338,emb_331
339,emb_332
340,emb_333
341,emb_334
342,emb_335
343,emb_336
344,emb_337
345,emb_338
346,emb_339
347,emb_340
348,emb_341
349,emb_342
350,emb_343
351,emb_344
352,emb_345
353,emb_346
354,emb_347
355,emb_348
356,emb_349
357,emb_350
358,emb_351
359,emb_352
360,emb_353
361,emb_354
362,emb_355
363,emb_356
364,emb_357
365,emb_358
366,emb_359
367,emb_360
368,emb_361
369,emb_362
370,emb_363
371,emb_364
372,emb_365
373,emb_366
374,emb_367
375,emb_368
376,emb_369
377,emb_370
378,emb_371
379,emb_372
380,emb_373
381,emb_374
382,emb_375
383,emb_376
384,emb_377
385,emb_378
386,emb_379
387,emb_380
388,emb_381
389,emb_382
390,emb_383
391,emb_384
392,emb_385
393,emb_386
394,emb_387
395,emb_388
396,emb_389
397,emb_390
398,emb_391
399,emb_392
400,emb_393
401,emb_394
402,emb_395
403,emb_396
404,emb_397
405,emb_398
406,emb_399
407,emb_400
408,emb_401
409,emb_402
410,emb_403
411,emb_404
412,emb_405
413,emb_406
414,emb_407
415,emb_408
416,emb_409
417,emb_410
418,emb_411
419,emb_412
420,emb_413
421,emb_414
422,emb_415
423,emb_416
424,emb_417
425,emb_418
426,emb_419
427,emb_420
428,emb_421
429,emb_422
430,emb_423
431,emb_424
432,emb_425
433,emb_426
434,emb_427
435,emb_428
436,emb_429
437,emb_430
438,emb_431
439,emb_432
440,emb_433
441,emb_434
442,emb_435
443,emb_436
444,emb_437
445,emb_438
446,emb_439
447,emb_440
448,emb_441
449,emb_442
450,emb_443
451,emb_444
452,emb_445
453,emb_446
454,emb_447
455,emb_448
456,emb_449
457,emb_450
458,emb_451
459,emb_452
460,emb_453
461,emb_454
462,emb_455
463,emb_456
464,emb_457
465,emb_458
466,emb_459
467,emb_460
468,emb_461
469,emb_462
470,emb_463
471,emb_464
472,emb_465
473,emb_466
474,emb_467
475,emb_468
476,emb_469
477,emb_470
478,emb_471
479,emb_472
480,emb_473
481,emb_474
482,emb_475
483,emb_476
484,emb_477
485,emb_478
486,emb_479
487,emb_480
488,emb_481
489,emb_482
490,emb_483
491,emb_484
492,emb_485
493,emb_486
494,emb_487
495,emb_488
496,emb_489
497,emb_490
498,emb_491
499,emb_492
500,emb_493
501,emb_494
502,emb_495
503,emb_496
504,emb_497
505,emb_498
506,emb_499
507,emb_500
508,emb_501
509,emb_502
510,emb_503
511,emb_504
512,emb_505
513,emb_506
514,emb_507
515,emb_508
516,emb_509
517,emb_510
518,emb_511
519,emb_512
520,emb_513
521,emb_514
522,emb_515
523,emb_516
524,emb_517
525,emb_518
526,emb_519
527,emb_520
528,emb_521
529,emb_522
530,emb_523
531,emb_524
532,emb_525
533,emb_526
534,emb_527
535,emb_528
536,emb_529
537,emb_530
538,emb_531
539,emb_532
540,emb_533
541,emb_534
542,emb_535
543,emb_536
544,emb_537
545,emb_538
546,emb_539
547,emb_540
548,emb_541
549,emb_542
550,emb_543
551,emb_544
552,emb_545
553,emb_546
554,emb_547
555,emb_548
556,emb_549
557,emb_550
558,emb_551
559,emb_552
560,emb_553
561,emb_554
562,emb_555
563,emb_556
564,emb_557
565,emb_558
566,emb_559
567,emb_560
568,emb_561
569,emb_562
570,emb_563
571,emb_564
572,emb_565
573,emb_566
574,emb_567
575,emb_568
576,emb_569
577,emb_570
578,emb_571
579,emb_572
580,emb_573
581,emb_574
582,emb_575
583,emb_576
584,emb_577
585,emb_578
586,emb_579
587,emb_580
588,emb_581
589,emb_582
590,emb_583
591,emb_584
592,emb_585
593,emb_586
594,emb_587
595,emb_588
596,emb_589
597,emb_590
598,emb_591
599,emb_592
600,emb_593
601,emb_594
602,emb_595
603,emb_596
604,emb_597
605,emb_598
606,emb_599
607,emb_600
608,emb_601
609,emb_602
610,emb_603
611,emb_604
612,emb_605
613,emb_606
614,emb_607
615,emb_608
616,emb_609
617,emb_610
618,emb_611
619,emb_612
620,emb_613
621,emb_614
622,emb_615
623,emb_616
624,emb_617
625,emb_618
626,emb_619
627,emb_620
628,emb_621
629,emb_622
630,emb_623
631,emb_624
632,emb_625
633,emb_626
634,emb_627
635,emb_628
636,emb_629
637,emb_630
638,emb_631
639,emb_632
640,emb_633
641,emb_634
642,emb_635
643,emb_636
644,emb_637
645,emb_638
646,emb_639
647,emb_640
648,emb_641
649,emb_642
650,emb_643
651,emb_644
652,emb_645
653,emb_646
654,emb_647
655,emb_648
656,emb_649
657,emb_650
658,emb_651
659,emb_652
660,emb_653
661,emb_654
662,emb_655
663,emb_656
664,emb_657
665,emb_658
666,emb_659
667,emb_660
668,emb_661
669,emb_662
670,emb_663
671,emb_664
672,emb_665
673,emb_666
674,emb_667
675,emb_668
676,emb_669
677,emb_670
678,emb_671
679,emb_672
680,emb_673
681,emb_674
682,emb_675
683,emb_676
684,emb_677
685,emb_678
686,emb_679
687,emb_680
688,emb_681
689,emb_682
690,emb_683
691,emb_684
692,emb_685
693,emb_686
694,emb_687
695,emb_688
696,emb_689
697,emb_690
698,emb_691
699,emb_692
700,emb_693
701,emb_694
702,emb_695
703,emb_696
704,emb_697
705,emb_698
706,emb_699
707,emb_700
708,emb_701
709,emb_702
710,emb_703
711,emb_704
712,emb_705
713,emb_706
714,emb_707
715,emb_708
716,emb_709
717,emb_710
718,emb_711
719,emb_712
720,emb_713
721,emb_714
722,emb_715
723,emb_716
724,emb_717
725,emb_718
726,emb_719
727,emb_720
728,emb_721
729,emb_722
730,emb_723
731,emb_724
732,emb_725
733,emb_726
734,emb_727
735,emb_728
736,emb_729
737,emb_730
738,emb_731
739,emb_732
740,emb_733
741,emb_734
742,emb_735
743,emb_736
744,emb_737
745,emb_738
746,emb_739
747,emb_740
748,emb_741
749,emb_742
750,emb_743
751,emb_744
752,emb_745
753,emb_746
754,emb_747
755,emb_748
756,emb_749
757,emb_750
758,emb_751
759,emb_752
760,emb_753
761,emb_754
762,emb_755
763,emb_756
764,emb_757
765,emb_758
766,emb_759
767,emb_760
768,emb_761
769,emb_762
770,emb_763
771,emb_764
772,emb_765
773,emb_766
774,emb_767
775,emb_768
776,emb_769
777,emb_770
778,emb_771
779,emb_772
780,emb_773
781,emb_774
782,emb_775
783,emb_776
784,emb_777
785,emb_778
786,emb_779
787,emb_780
788,emb_781
789,emb_782
790,emb_783
791,emb_784
792,emb_785
793,emb_786
794,emb_787
795,emb_788
796,emb_789
797,emb_790
798,emb_791
799,emb_792
800,emb_793
801,emb_794
802,emb_795
803,emb_796
804,emb_797
805,emb_798
806,emb_799
807,emb_800
808,emb_801
809,emb_802
810,emb_803
811,emb_804
812,emb_805
813,emb_806
814,emb_807
815,emb_808
816,emb_809
817,emb_810
818,emb_811
819,emb_812
820,emb_813
821,emb_814
822,emb_815
823,emb_816
824,emb_817
825,emb_818
826,emb_819
827,emb_820
828,emb_821
829,emb_822
830,emb_823
831,emb_824
832,emb_825
833,emb_826
834,emb_827
835,emb_828
836,emb_829
837,emb_830
838,emb_831
839,emb_832
840,emb_833
841,emb_834
842,emb_835
843,emb_836
844,emb_837
845,emb_838
846,emb_839
847,emb_840
848,emb_841
849,emb_842
850,emb_843
851,emb_844
852,emb_845
853,emb_846
854,emb_847
855,emb_848
856,emb_849
857,emb_850
858,emb_851
859,emb_852
860,emb_853
861,emb_854
862,emb_855
863,emb_856
864,emb_857
865,emb_858
866,emb_859
867,emb_860
868,emb_861
869,emb_862
870,emb_863
871,emb_864
872,emb_865
873,emb_866
874,emb_867
875,emb_868
876,emb_869
877,emb_870
878,emb_871
879,emb_872
880,emb_873
881,emb_874
882,emb_875
883,emb_876
884,emb_877
885,emb_878
886,emb_879
887,emb_880
888,emb_881
889,emb_882
890,emb_883
891,emb_884
892,emb_885
893,emb_886
894,emb_887
895,emb_888
896,emb_889
897,emb_890
898,emb_891
899,emb_892
900,emb_893
901,emb_894
902,emb_895
903,emb_896
904,emb_897
905,emb_898
906,emb_899
907,emb_900
908,emb_901
909,emb_902
910,emb_903
911,emb_904
912,emb_905
913,emb_906
914,emb_907
915,emb_908
916,emb_909
917,emb_910
918,emb_911
919,emb_912
920,emb_913
921,emb_914
922,emb_915
923,emb_916
924,emb_917
925,emb_918
926,emb_919
927,emb_920
928,emb_921
929,emb_922
930,emb_923
931,emb_924
932,emb_925
933,emb_926
934,emb_927
935,emb_928
936,emb_929
937,emb_930
938,emb_931
939,emb_932
940,emb_933
941,emb_934
942,emb_935
943,emb_936
944,emb_937
945,emb_938
946,emb_939
947,emb_940
948,emb_941
949,emb_942
950,emb_943
951,emb_944
952,emb_945
953,emb_946
954,emb_947
955,emb_948
956,emb_949
957,emb_950
958,emb_951
959,emb_952
960,emb_953
961,emb_954
962,emb_955
963,emb_956
964,emb_957
965,emb_958
966,emb_959
967,emb_960
968,emb_961
969,emb_962
970,emb_963
971,emb_964
972,emb_965
973,emb_966
974,emb_967
975,emb_968
976,emb_969
977,emb_970
978,emb_971
979,emb_972
980,emb_973
981,emb_974
982,emb_975
983,emb_976
984,emb_977
985,emb_978
986,emb_979
987,emb_980
988,emb_981
989,emb_982
990,emb_983
991,emb_984
992,emb_985
993,emb_986
994,emb_987
995,emb_988
996,emb_989
997,emb_990
998,emb_991
999,emb_992
1000,emb_993
1001,emb_994
1002,emb_995
1003,emb_996
1004,emb_997
1005,emb_998
1006,emb_999
1007,emb_1000
1008,emb_1001
1009,emb_1002
1010,emb_1003
1011,emb_1004
1012,emb_1005
1013,emb_1006
1014,emb_1007
1015,emb_1008
1016,emb_1009
1017,emb_1010
1018,emb_1011
1019,emb_1012
1020,emb_1013
1021,emb_1014
1022,emb_1015
1023,emb_1016
1024,emb_1017
1025,emb_1018
1026,emb_1019
1027,emb_1020
1028,emb_1021
1029,emb_1022
1030,emb_1023
1031,emb_1024
1032,cell_y
1033,cell_x
